student_id,program_course_id,student_enrollment_date,course_result_percentage,course_status
1,1,2024-01-24,73.63,Pass
1,2,2024-01-24,77.49,Pass
1,5,2024-01-24,72.05,Pass
1,6,2024-01-24,17.66,Fail
2,1,2024-01-24,38.31,Fail
2,2,2024-01-24,,incomplete
2,5,2024-01-24,58.34,Fail
2,6,2024-01-24,82.9,Pass
3,1,2024-01-24,99.03,Pass
3,2,2024-01-24,79.08,Pass
3,5,2024-01-24,72.12,Pass
3,6,2024-01-24,59.39,Fail
4,1,2024-01-24,74.09,Pass
4,2,2024-01-24,92.51,Pass
4,5,2024-01-24,78.31,Pass
4,6,2024-01-24,91.14,Pass
5,1,2024-01-24,80.4,Pass
5,2,2024-01-24,59.78,Fail
5,5,2024-01-24,85.72,Pass
5,6,2024-01-24,94.48,Pass
6,1,2024-01-24,63.38,Fail
6,2,2024-01-24,64.43,Fail
6,5,2024-01-24,82.51,Pass
6,6,2024-01-24,60.73,Fail
7,1,2024-01-24,69.82,Pass
7,2,2024-01-24,75.32,Pass
7,5,2024-01-24,,incomplete
7,6,2024-01-24,76.08,Pass
8,1,2024-01-24,24.83,Fail
8,2,2024-01-24,39.78,Fail
8,5,2024-01-24,99.27,Pass
8,6,2024-01-24,79.91,Pass
9,1,2024-01-24,81.29,Pass
9,2,2024-01-24,85.63,Pass
9,5,2024-01-24,43.59,Fail
9,6,2024-01-24,38.77,Fail
10,1,2024-01-24,73.02,Pass
10,2,2024-01-24,,incomplete
10,5,2024-01-24,73.28,Pass
10,6,2024-01-24,65.47,Pass
11,1,2024-01-24,92.03,Pass
11,2,2024-01-24,82.79,Pass
11,5,2024-01-24,15.96,Fail
11,6,2024-01-24,28.86,Fail
12,1,2024-01-24,66.61,Pass
12,2,2024-01-24,88.82,Pass
12,5,2024-01-24,82.11,Pass
12,6,2024-01-24,46.82,Fail
13,1,2024-01-24,55.11,Fail
13,2,2024-01-24,84.28,Pass
13,5,2024-01-24,49.74,Fail
13,6,2024-01-24,,incomplete
14,1,2024-01-24,86.96,Pass
14,2,2024-01-24,70.71,Pass
14,5,2024-01-24,69.31,Pass
14,6,2024-01-24,64.34,Fail
15,1,2024-01-24,,incomplete
15,2,2024-01-24,64.05,Fail
15,5,2024-01-24,,incomplete
15,6,2024-01-24,81.27,Pass
16,1,2024-01-24,91.75,Pass
16,2,2024-01-24,80.19,Pass
16,5,2024-01-24,43.36,Fail
16,6,2024-01-24,,incomplete
17,1,2024-01-24,37.71,Fail
17,2,2024-01-24,65,Pass
17,5,2024-01-24,,incomplete
17,6,2024-01-24,82.83,Pass
18,1,2024-01-24,72.88,Pass
18,2,2024-01-24,60.11,Fail
18,5,2024-01-24,65.63,Pass
18,6,2024-01-24,93.24,Pass
19,1,2024-01-24,79.2,Pass
19,2,2024-01-24,93.3,Pass
19,5,2024-01-24,89.3,Pass
19,6,2024-01-24,83.71,Pass
20,1,2024-01-24,91.24,Pass
20,2,2024-01-24,76.61,Pass
20,5,2024-01-24,71.21,Pass
20,6,2024-01-24,56.9,Fail
21,1,2024-01-24,63.67,Fail
21,2,2024-01-24,61.16,Fail
21,5,2024-01-24,77.66,Pass
21,6,2024-01-24,66.24,Pass
22,1,2024-01-24,73.05,Pass
22,2,2024-01-24,,incomplete
22,5,2024-01-24,61.78,Fail
22,6,2024-01-24,,incomplete
23,1,2024-01-24,74.13,Pass
23,2,2024-01-24,49.15,Fail
23,5,2024-01-24,89.99,Pass
23,6,2024-01-24,,incomplete
24,1,2024-01-24,,incomplete
24,2,2024-01-24,38.94,Fail
24,5,2024-01-24,77.8,Pass
24,6,2024-01-24,64,Fail
25,1,2024-01-24,14.27,Fail
25,2,2024-01-24,13.07,Fail
25,5,2024-01-24,66.9,Pass
25,6,2024-01-24,,incomplete
26,1,2024-01-24,50.11,Fail
26,2,2024-01-24,54.99,Fail
26,5,2024-01-24,83.64,Pass
26,6,2024-01-24,82.66,Pass
27,1,2024-01-24,87.74,Pass
27,2,2024-01-24,50.47,Fail
27,5,2024-01-24,,incomplete
27,6,2024-01-24,,incomplete
28,1,2024-01-24,57.76,Fail
28,2,2024-01-24,61.51,Fail
28,5,2024-01-24,57.49,Fail
28,6,2024-01-24,62.77,Fail
29,1,2024-01-24,73.05,Pass
29,2,2024-01-24,82.97,Pass
29,5,2024-01-24,65.53,Pass
29,6,2024-01-24,56.41,Fail
30,1,2024-01-24,40.81,Fail
30,2,2024-01-24,91.8,Pass
30,5,2024-01-24,91.51,Pass
30,6,2024-01-24,62.7,Fail
31,1,2024-01-24,98.65,Pass
31,2,2024-01-24,54.13,Fail
31,5,2024-01-24,64.38,Fail
31,6,2024-01-24,57.8,Fail
32,1,2024-01-24,52.98,Fail
32,2,2024-01-24,74.43,Pass
32,5,2024-01-24,86,Pass
32,6,2024-01-24,42.6,Fail
33,1,2024-01-24,55.26,Fail
33,2,2024-01-24,76.6,Pass
33,5,2024-01-24,51.64,Fail
33,6,2024-01-24,76.98,Pass
34,1,2024-01-24,56.94,Fail
34,2,2024-01-24,50.19,Fail
34,5,2024-01-24,24.53,Fail
34,6,2024-01-24,69.22,Pass
35,1,2024-01-24,74.02,Pass
35,2,2024-01-24,,incomplete
35,5,2024-01-24,93.5,Pass
35,6,2024-01-24,99.57,Pass
36,1,2024-01-24,,incomplete
36,2,2024-01-24,80.27,Pass
36,5,2024-01-24,58.14,Fail
36,6,2024-01-24,58.47,Fail
37,1,2024-01-24,75.78,Pass
37,2,2024-01-24,92.92,Pass
37,5,2024-01-24,78.17,Pass
37,6,2024-01-24,47.73,Fail
38,1,2024-01-24,99.22,Pass
38,2,2024-01-24,93.55,Pass
38,5,2024-01-24,86.85,Pass
38,6,2024-01-24,,incomplete
39,1,2024-01-24,96.21,Pass
39,2,2024-01-24,49.46,Fail
39,5,2024-01-24,94.76,Pass
39,6,2024-01-24,51.78,Fail
40,1,2024-01-24,92.9,Pass
40,2,2024-01-24,97.93,Pass
40,5,2024-01-24,73.72,Pass
40,6,2024-01-24,,incomplete
41,1,2024-01-24,97.28,Pass
41,2,2024-01-24,67.35,Pass
41,5,2024-01-24,73.96,Pass
41,6,2024-01-24,80.75,Pass
42,1,2024-01-24,,incomplete
42,2,2024-01-24,51.59,Fail
42,5,2024-01-24,41.92,Fail
42,6,2024-01-24,17.36,Fail
43,1,2024-01-24,66.62,Pass
43,2,2024-01-24,93.32,Pass
43,5,2024-01-24,72.08,Pass
43,6,2024-01-24,98.41,Pass
44,1,2024-01-24,28.91,Fail
44,2,2024-01-24,91.12,Pass
44,5,2024-01-24,51.72,Fail
44,6,2024-01-24,95.46,Pass
45,1,2024-01-24,72.8,Pass
45,2,2024-01-24,99.97,Pass
45,5,2024-01-24,29.68,Fail
45,6,2024-01-24,34.07,Fail
46,1,2024-01-24,,incomplete
46,2,2024-01-24,59.26,Fail
46,5,2024-01-24,65.71,Pass
46,6,2024-01-24,88.79,Pass
47,1,2024-01-24,,incomplete
47,2,2024-01-24,88.65,Pass
47,5,2024-01-24,51.06,Fail
47,6,2024-01-24,77.54,Pass
48,1,2024-01-24,90.58,Pass
48,2,2024-01-24,67.81,Pass
48,5,2024-01-24,11.71,Fail
48,6,2024-01-24,49.93,Fail
49,1,2024-01-24,60.46,Fail
49,2,2024-01-24,77.84,Pass
49,5,2024-01-24,98.56,Pass
49,6,2024-01-24,52.63,Fail
50,1,2024-01-24,53.72,Fail
50,2,2024-01-24,45.65,Fail
50,5,2024-01-24,74.41,Pass
50,6,2024-01-24,80.67,Pass
51,1,2024-01-24,81.43,Pass
51,2,2024-01-24,16.06,Fail
51,5,2024-01-24,32.88,Fail
51,6,2024-01-24,81.96,Pass
52,1,2024-01-24,67.11,Pass
52,2,2024-01-24,59.75,Fail
52,5,2024-01-24,63.37,Fail
52,6,2024-01-24,70.36,Pass
53,1,2024-01-24,64.87,Fail
53,2,2024-01-24,58.84,Fail
53,5,2024-01-24,,incomplete
53,6,2024-01-24,45.4,Fail
54,1,2024-01-24,81.74,Pass
54,2,2024-01-24,54.22,Fail
54,5,2024-01-24,,incomplete
54,6,2024-01-24,68.69,Pass
55,1,2024-01-24,23.56,Fail
55,2,2024-01-24,53.06,Fail
55,5,2024-01-24,69.86,Pass
55,6,2024-01-24,23.54,Fail
56,1,2024-01-24,86.91,Pass
56,2,2024-01-24,50.77,Fail
56,5,2024-01-24,,incomplete
56,6,2024-01-24,79.25,Pass
57,1,2024-01-24,61.69,Fail
57,2,2024-01-24,70.67,Pass
57,5,2024-01-24,97.84,Pass
57,6,2024-01-24,91.88,Pass
58,1,2024-01-24,42.87,Fail
58,2,2024-01-24,89.77,Pass
58,5,2024-01-24,73.34,Pass
58,6,2024-01-24,84.44,Pass
59,1,2024-01-24,56.4,Fail
59,2,2024-01-24,99.12,Pass
59,5,2024-01-24,69.12,Pass
59,6,2024-01-24,69.99,Pass
60,1,2024-01-24,83.39,Pass
60,2,2024-01-24,64.89,Fail
60,5,2024-01-24,83.34,Pass
60,6,2024-01-24,48.1,Fail
61,7,2024-01-24,80.63,Pass
61,8,2024-01-24,60.24,Fail
61,9,2024-01-24,54.31,Fail
61,10,2024-01-24,66.31,Pass
61,11,2024-01-24,81.17,Pass
61,12,2024-01-24,91.71,Pass
62,7,2024-01-24,20.21,Fail
62,8,2024-01-24,59.14,Fail
62,9,2024-01-24,91.9,Pass
62,10,2024-01-24,77.84,Pass
62,11,2024-01-24,81.83,Pass
62,12,2024-01-24,42.77,Fail
63,7,2024-01-24,75.87,Pass
63,8,2024-01-24,81.36,Pass
63,9,2024-01-24,81.11,Pass
63,10,2024-01-24,95.6,Pass
63,11,2024-01-24,,incomplete
63,12,2024-01-24,89.92,Pass
64,7,2024-01-24,92.4,Pass
64,8,2024-01-24,20.41,Fail
64,9,2024-01-24,60.57,Fail
64,10,2024-01-24,82.93,Pass
64,11,2024-01-24,,incomplete
64,12,2024-01-24,,incomplete
65,7,2024-01-24,23.26,Fail
65,8,2024-01-24,60.34,Fail
65,9,2024-01-24,61.43,Fail
65,10,2024-01-24,66.22,Pass
65,11,2024-01-24,71.66,Pass
65,12,2024-01-24,62.14,Fail
66,7,2024-01-24,66.56,Pass
66,8,2024-01-24,53.02,Fail
66,9,2024-01-24,64.99,Fail
66,10,2024-01-24,10.66,Fail
66,11,2024-01-24,47.91,Fail
66,12,2024-01-24,84.81,Pass
67,7,2024-01-24,66.37,Pass
67,8,2024-01-24,35.45,Fail
67,9,2024-01-24,66.33,Pass
67,10,2024-01-24,72.73,Pass
67,11,2024-01-24,56.68,Fail
67,12,2024-01-24,59.63,Fail
68,7,2024-01-24,68.44,Pass
68,8,2024-01-24,,incomplete
68,9,2024-01-24,70.49,Pass
68,10,2024-01-24,73.84,Pass
68,11,2024-01-24,,incomplete
68,12,2024-01-24,61.83,Fail
69,7,2024-01-24,91.38,Pass
69,8,2024-01-24,64.07,Fail
69,9,2024-01-24,75.37,Pass
69,10,2024-01-24,71.59,Pass
69,11,2024-01-24,90.9,Pass
69,12,2024-01-24,43.36,Fail
70,7,2024-01-24,62.64,Fail
70,8,2024-01-24,53.32,Fail
70,9,2024-01-24,26.9,Fail
70,10,2024-01-24,58.86,Fail
70,11,2024-01-24,79.96,Pass
70,12,2024-01-24,,incomplete
71,7,2024-01-24,99.82,Pass
71,8,2024-01-24,64.68,Fail
71,9,2024-01-24,94.18,Pass
71,10,2024-01-24,90.86,Pass
71,11,2024-01-24,94.1,Pass
71,12,2024-01-24,70.13,Pass
72,7,2024-01-24,85.11,Pass
72,8,2024-01-24,,incomplete
72,9,2024-01-24,88.34,Pass
72,10,2024-01-24,97.94,Pass
72,11,2024-01-24,81.94,Pass
72,12,2024-01-24,88.45,Pass
73,7,2024-01-24,55.68,Fail
73,8,2024-01-24,30.88,Fail
73,9,2024-01-24,3.55,Fail
73,10,2024-01-24,70.42,Pass
73,11,2024-01-24,78.73,Pass
73,12,2024-01-24,91.75,Pass
74,7,2024-01-24,33.07,Fail
74,8,2024-01-24,41.31,Fail
74,9,2024-01-24,,incomplete
74,10,2024-01-24,83.21,Pass
74,11,2024-01-24,91.78,Pass
74,12,2024-01-24,38.47,Fail
75,7,2024-01-24,77.4,Pass
75,8,2024-01-24,70.76,Pass
75,9,2024-01-24,46.24,Fail
75,10,2024-01-24,54.94,Fail
75,11,2024-01-24,88.29,Pass
75,12,2024-01-24,58.85,Fail
76,7,2024-01-24,89.65,Pass
76,8,2024-01-24,90.71,Pass
76,9,2024-01-24,45.87,Fail
76,10,2024-01-24,63.32,Fail
76,11,2024-01-24,59.97,Fail
76,12,2024-01-24,99.88,Pass
77,7,2024-01-24,91.92,Pass
77,8,2024-01-24,73.92,Pass
77,9,2024-01-24,59.57,Fail
77,10,2024-01-24,78.25,Pass
77,11,2024-01-24,,incomplete
77,12,2024-01-24,92.65,Pass
78,7,2024-01-24,89.01,Pass
78,8,2024-01-24,77.52,Pass
78,9,2024-01-24,50.94,Fail
78,10,2024-01-24,70.66,Pass
78,11,2024-01-24,55.66,Fail
78,12,2024-01-24,30.26,Fail
79,7,2024-01-24,90.42,Pass
79,8,2024-01-24,41.15,Fail
79,9,2024-01-24,99.28,Pass
79,10,2024-01-24,70.26,Pass
79,11,2024-01-24,76.76,Pass
79,12,2024-01-24,81.58,Pass
80,7,2024-01-24,37.21,Fail
80,8,2024-01-24,42.49,Fail
80,9,2024-01-24,86.52,Pass
80,10,2024-01-24,73.28,Pass
80,11,2024-01-24,87.14,Pass
80,12,2024-01-24,66.6,Pass
81,7,2024-01-24,83.96,Pass
81,8,2024-01-24,93.32,Pass
81,9,2024-01-24,,incomplete
81,10,2024-01-24,99.62,Pass
81,11,2024-01-24,58.8,Fail
81,12,2024-01-24,76.83,Pass
82,7,2024-01-24,69.34,Pass
82,8,2024-01-24,78.18,Pass
82,9,2024-01-24,74.98,Pass
82,10,2024-01-24,62.56,Fail
82,11,2024-01-24,72.92,Pass
82,12,2024-01-24,47.78,Fail
83,7,2024-01-24,,incomplete
83,8,2024-01-24,50.09,Fail
83,9,2024-01-24,70.38,Pass
83,10,2024-01-24,18.93,Fail
83,11,2024-01-24,,incomplete
83,12,2024-01-24,81.48,Pass
84,7,2024-01-24,,incomplete
84,8,2024-01-24,74.81,Pass
84,9,2024-01-24,81.3,Pass
84,10,2024-01-24,63.02,Fail
84,11,2024-01-24,79.03,Pass
84,12,2024-01-24,66.64,Pass
85,7,2024-01-24,64,Fail
85,8,2024-01-24,79.11,Pass
85,9,2024-01-24,27.33,Fail
85,10,2024-01-24,43.92,Fail
85,11,2024-01-24,,incomplete
85,12,2024-01-24,84.79,Pass
86,7,2024-01-24,80.72,Pass
86,8,2024-01-24,67.61,Pass
86,9,2024-01-24,92.44,Pass
86,10,2024-01-24,68.48,Pass
86,11,2024-01-24,83.15,Pass
86,12,2024-01-24,91.49,Pass
87,7,2024-01-24,53.91,Fail
87,8,2024-01-24,16.55,Fail
87,9,2024-01-24,98.41,Pass
87,10,2024-01-24,54.42,Fail
87,11,2024-01-24,79.89,Pass
87,12,2024-01-24,43.33,Fail
88,7,2024-01-24,96.69,Pass
88,8,2024-01-24,43.63,Fail
88,9,2024-01-24,54.91,Fail
88,10,2024-01-24,95.19,Pass
88,11,2024-01-24,95.18,Pass
88,12,2024-01-24,32.06,Fail
89,7,2024-01-24,40.33,Fail
89,8,2024-01-24,74.6,Pass
89,9,2024-01-24,62.87,Fail
89,10,2024-01-24,97.39,Pass
89,11,2024-01-24,74.17,Pass
89,12,2024-01-24,16.02,Fail
90,7,2024-01-24,,incomplete
90,8,2024-01-24,68.07,Pass
90,9,2024-01-24,75.56,Pass
90,10,2024-01-24,51.46,Fail
90,11,2024-01-24,76.05,Pass
90,12,2024-01-24,85.52,Pass
91,7,2024-01-24,45.12,Fail
91,8,2024-01-24,76.7,Pass
91,9,2024-01-24,78.19,Pass
91,10,2024-01-24,74.73,Pass
91,11,2024-01-24,51.26,Fail
91,12,2024-01-24,67.15,Pass
92,7,2024-01-24,64.98,Fail
92,8,2024-01-24,60.46,Fail
92,9,2024-01-24,42.78,Fail
92,10,2024-01-24,97.15,Pass
92,11,2024-01-24,26.3,Fail
92,12,2024-01-24,,incomplete
93,7,2024-01-24,79.12,Pass
93,8,2024-01-24,43.2,Fail
93,9,2024-01-24,,incomplete
93,10,2024-01-24,70.78,Pass
93,11,2024-01-24,47.31,Fail
93,12,2024-01-24,66.22,Pass
94,7,2024-01-24,66.49,Pass
94,8,2024-01-24,51.84,Fail
94,9,2024-01-24,90.23,Pass
94,10,2024-01-24,,incomplete
94,11,2024-01-24,,incomplete
94,12,2024-01-24,88.77,Pass
95,7,2024-01-24,96.16,Pass
95,8,2024-01-24,72.83,Pass
95,9,2024-01-24,91.98,Pass
95,10,2024-01-24,66.46,Pass
95,11,2024-01-24,42.38,Fail
95,12,2024-01-24,96.07,Pass
96,7,2024-01-24,,incomplete
96,8,2024-01-24,80.62,Pass
96,9,2024-01-24,92.59,Pass
96,10,2024-01-24,83.68,Pass
96,11,2024-01-24,99.65,Pass
96,12,2024-01-24,58.65,Fail
97,7,2024-01-24,85.77,Pass
97,8,2024-01-24,54.56,Fail
97,9,2024-01-24,69.17,Pass
97,10,2024-01-24,69.87,Pass
97,11,2024-01-24,61.04,Fail
97,12,2024-01-24,67.71,Pass
98,7,2024-01-24,87.48,Pass
98,8,2024-01-24,89.8,Pass
98,9,2024-01-24,89.87,Pass
98,10,2024-01-24,42.66,Fail
98,11,2024-01-24,51.71,Fail
98,12,2024-01-24,67.1,Pass
99,7,2024-01-24,70.17,Pass
99,8,2024-01-24,,incomplete
99,9,2024-01-24,74.63,Pass
99,10,2024-01-24,82.06,Pass
99,11,2024-01-24,50.59,Fail
99,12,2024-01-24,68.85,Pass
100,7,2024-01-24,93.86,Pass
100,8,2024-01-24,92.99,Pass
100,9,2024-01-24,93.06,Pass
100,10,2024-01-24,59.31,Fail
100,11,2024-01-24,93.91,Pass
100,12,2024-01-24,44.05,Fail
101,7,2024-01-24,86.7,Pass
101,8,2024-01-24,,incomplete
101,9,2024-01-24,28.25,Fail
101,10,2024-01-24,45.33,Fail
101,11,2024-01-24,18.01,Fail
101,12,2024-01-24,,incomplete
102,7,2024-01-24,72.63,Pass
102,8,2024-01-24,97.8,Pass
102,9,2024-01-24,47.24,Fail
102,10,2024-01-24,92.05,Pass
102,11,2024-01-24,86.01,Pass
102,12,2024-01-24,94.39,Pass
103,7,2024-01-24,53.78,Fail
103,8,2024-01-24,87.27,Pass
103,9,2024-01-24,49.4,Fail
103,10,2024-01-24,45.39,Fail
103,11,2024-01-24,,incomplete
103,12,2024-01-24,80.75,Pass
104,7,2024-01-24,92.92,Pass
104,8,2024-01-24,77.74,Pass
104,9,2024-01-24,99.05,Pass
104,10,2024-01-24,63.67,Fail
104,11,2024-01-24,87.27,Pass
104,12,2024-01-24,90.85,Pass
105,7,2024-01-24,66.03,Pass
105,8,2024-01-24,72.68,Pass
105,9,2024-01-24,89.97,Pass
105,10,2024-01-24,38.14,Fail
105,11,2024-01-24,81.65,Pass
105,12,2024-01-24,,incomplete
106,7,2024-01-24,68.53,Pass
106,8,2024-01-24,39.32,Fail
106,9,2024-01-24,98.95,Pass
106,10,2024-01-24,,incomplete
106,11,2024-01-24,78.17,Pass
106,12,2024-01-24,64.37,Fail
107,7,2024-01-24,77.95,Pass
107,8,2024-01-24,98.45,Pass
107,9,2024-01-24,92.9,Pass
107,10,2024-01-24,45.72,Fail
107,11,2024-01-24,79.62,Pass
107,12,2024-01-24,41.33,Fail
108,7,2024-01-24,70.52,Pass
108,8,2024-01-24,82.16,Pass
108,9,2024-01-24,80.32,Pass
108,10,2024-01-24,58.93,Fail
108,11,2024-01-24,8.88,Fail
108,12,2024-01-24,57.79,Fail
109,7,2024-01-24,71.61,Pass
109,8,2024-01-24,45.19,Fail
109,9,2024-01-24,82.4,Pass
109,10,2024-01-24,79.33,Pass
109,11,2024-01-24,69.97,Pass
109,12,2024-01-24,69.26,Pass
110,7,2024-01-24,85.37,Pass
110,8,2024-01-24,82.61,Pass
110,9,2024-01-24,53.19,Fail
110,10,2024-01-24,72.69,Pass
110,11,2024-01-24,,incomplete
110,12,2024-01-24,66.45,Pass
111,7,2024-01-24,61.29,Fail
111,8,2024-01-24,53.03,Fail
111,9,2024-01-24,80.2,Pass
111,10,2024-01-24,88.85,Pass
111,11,2024-01-24,98.83,Pass
111,12,2024-01-24,69.65,Pass
112,7,2024-01-24,84.66,Pass
112,8,2024-01-24,59.43,Fail
112,9,2024-01-24,70.44,Pass
112,10,2024-01-24,98.39,Pass
112,11,2024-01-24,70.36,Pass
112,12,2024-01-24,,incomplete
113,7,2024-01-24,73.32,Pass
113,8,2024-01-24,92.36,Pass
113,9,2024-01-24,85.73,Pass
113,10,2024-01-24,59.9,Fail
113,11,2024-01-24,94.62,Pass
113,12,2024-01-24,59.24,Fail
114,7,2024-01-24,30.93,Fail
114,8,2024-01-24,61.13,Fail
114,9,2024-01-24,55.06,Fail
114,10,2024-01-24,1.81,Fail
114,11,2024-01-24,71.56,Pass
114,12,2024-01-24,86.71,Pass
115,7,2024-01-24,51.26,Fail
115,8,2024-01-24,49.72,Fail
115,9,2024-01-24,,incomplete
115,10,2024-01-24,53.84,Fail
115,11,2024-01-24,,incomplete
115,12,2024-01-24,,incomplete
116,7,2024-01-24,51.63,Fail
116,8,2024-01-24,88.87,Pass
116,9,2024-01-24,82.43,Pass
116,10,2024-01-24,31.21,Fail
116,11,2024-01-24,71.2,Pass
116,12,2024-01-24,,incomplete
117,7,2024-01-24,88.66,Pass
117,8,2024-01-24,61.58,Fail
117,9,2024-01-24,78.86,Pass
117,10,2024-01-24,86.59,Pass
117,11,2024-01-24,63.09,Fail
117,12,2024-01-24,65.54,Pass
118,7,2024-01-24,81.84,Pass
118,8,2024-01-24,91.02,Pass
118,9,2024-01-24,50.15,Fail
118,10,2024-01-24,59.36,Fail
118,11,2024-01-24,52.67,Fail
118,12,2024-01-24,58.21,Fail
119,7,2024-01-24,87.83,Pass
119,8,2024-01-24,64.04,Fail
119,9,2024-01-24,64.68,Fail
119,10,2024-01-24,95.03,Pass
119,11,2024-01-24,59.36,Fail
119,12,2024-01-24,,incomplete
120,7,2024-01-24,92.97,Pass
120,8,2024-01-24,21.14,Fail
120,9,2024-01-24,45.67,Fail
120,10,2024-01-24,74.77,Pass
120,11,2024-01-24,44.45,Fail
120,12,2024-01-24,,incomplete
121,13,2024-01-24,63.02,Fail
121,14,2024-01-24,80.45,Pass
121,17,2024-01-24,,incomplete
121,18,2024-01-24,51.63,Fail
122,13,2024-01-24,79.92,Pass
122,14,2024-01-24,79.59,Pass
122,17,2024-01-24,,incomplete
122,18,2024-01-24,,incomplete
123,13,2024-01-24,64.53,Fail
123,14,2024-01-24,94.3,Pass
123,17,2024-01-24,47.52,Fail
123,18,2024-01-24,80.62,Pass
124,13,2024-01-24,53.77,Fail
124,14,2024-01-24,53.11,Fail
124,17,2024-01-24,91.48,Pass
124,18,2024-01-24,88.92,Pass
125,13,2024-01-24,87.9,Pass
125,14,2024-01-24,56.7,Fail
125,17,2024-01-24,66.22,Pass
125,18,2024-01-24,67.62,Pass
126,13,2024-01-24,65.1,Pass
126,14,2024-01-24,62.18,Fail
126,17,2024-01-24,84.5,Pass
126,18,2024-01-24,44.3,Fail
127,13,2024-01-24,75.34,Pass
127,14,2024-01-24,59.5,Fail
127,17,2024-01-24,68.17,Pass
127,18,2024-01-24,17.96,Fail
128,13,2024-01-24,,incomplete
128,14,2024-01-24,57.81,Fail
128,17,2024-01-24,83.67,Pass
128,18,2024-01-24,61.9,Fail
129,13,2024-01-24,99.93,Pass
129,14,2024-01-24,,incomplete
129,17,2024-01-24,90.64,Pass
129,18,2024-01-24,68.94,Pass
130,13,2024-01-24,90.43,Pass
130,14,2024-01-24,69.17,Pass
130,17,2024-01-24,87.02,Pass
130,18,2024-01-24,75.63,Pass
131,13,2024-01-24,83.09,Pass
131,14,2024-01-24,50.36,Fail
131,17,2024-01-24,42.69,Fail
131,18,2024-01-24,,incomplete
132,13,2024-01-24,8.47,Fail
132,14,2024-01-24,96.49,Pass
132,17,2024-01-24,66.71,Pass
132,18,2024-01-24,72.36,Pass
133,13,2024-01-24,66.38,Pass
133,14,2024-01-24,41.6,Fail
133,17,2024-01-24,97.23,Pass
133,18,2024-01-24,77.21,Pass
134,13,2024-01-24,52.06,Fail
134,14,2024-01-24,82.2,Pass
134,17,2024-01-24,20.2,Fail
134,18,2024-01-24,86.43,Pass
135,13,2024-01-24,53.53,Fail
135,14,2024-01-24,50.22,Fail
135,17,2024-01-24,98.31,Pass
135,18,2024-01-24,28.86,Fail
136,13,2024-01-24,98.94,Pass
136,14,2024-01-24,48.04,Fail
136,17,2024-01-24,44.76,Fail
136,18,2024-01-24,,incomplete
137,13,2024-01-24,52.81,Fail
137,14,2024-01-24,47.49,Fail
137,17,2024-01-24,71.52,Pass
137,18,2024-01-24,93.83,Pass
138,13,2024-01-24,53.74,Fail
138,14,2024-01-24,34,Fail
138,17,2024-01-24,65.51,Pass
138,18,2024-01-24,39.89,Fail
139,13,2024-01-24,73.01,Pass
139,14,2024-01-24,63.35,Fail
139,17,2024-01-24,94.46,Pass
139,18,2024-01-24,53.77,Fail
140,13,2024-01-24,78.96,Pass
140,14,2024-01-24,94.73,Pass
140,17,2024-01-24,85.23,Pass
140,18,2024-01-24,64.82,Fail
141,13,2024-01-24,56.76,Fail
141,14,2024-01-24,59.01,Fail
141,17,2024-01-24,83.96,Pass
141,18,2024-01-24,54.06,Fail
142,13,2024-01-24,94.15,Pass
142,14,2024-01-24,52.14,Fail
142,17,2024-01-24,56.59,Fail
142,18,2024-01-24,38.66,Fail
143,13,2024-01-24,55.83,Fail
143,14,2024-01-24,45.08,Fail
143,17,2024-01-24,83.55,Pass
143,18,2024-01-24,29.98,Fail
144,13,2024-01-24,49.55,Fail
144,14,2024-01-24,74.06,Pass
144,17,2024-01-24,65.51,Pass
144,18,2024-01-24,85.95,Pass
145,13,2024-01-24,89.11,Pass
145,14,2024-01-24,56.74,Fail
145,17,2024-01-24,85.98,Pass
145,18,2024-01-24,96.79,Pass
146,13,2024-01-24,67.33,Pass
146,14,2024-01-24,98.33,Pass
146,17,2024-01-24,73.73,Pass
146,18,2024-01-24,46.15,Fail
147,13,2024-01-24,60.29,Fail
147,14,2024-01-24,69.62,Pass
147,17,2024-01-24,82.14,Pass
147,18,2024-01-24,78.73,Pass
148,13,2024-01-24,91.17,Pass
148,14,2024-01-24,76.73,Pass
148,17,2024-01-24,,incomplete
148,18,2024-01-24,88.84,Pass
149,13,2024-01-24,91.56,Pass
149,14,2024-01-24,61.85,Fail
149,17,2024-01-24,44.43,Fail
149,18,2024-01-24,81.07,Pass
150,13,2024-01-24,88.37,Pass
150,14,2024-01-24,32.2,Fail
150,17,2024-01-24,91.99,Pass
150,18,2024-01-24,84.92,Pass
151,13,2024-01-24,76.94,Pass
151,14,2024-01-24,,incomplete
151,17,2024-01-24,96.7,Pass
151,18,2024-01-24,72.34,Pass
152,13,2024-01-24,69.8,Pass
152,14,2024-01-24,34,Fail
152,17,2024-01-24,71.81,Pass
152,18,2024-01-24,81.55,Pass
153,13,2024-01-24,48.58,Fail
153,14,2024-01-24,77.28,Pass
153,17,2024-01-24,73.28,Pass
153,18,2024-01-24,32.44,Fail
154,13,2024-01-24,43.22,Fail
154,14,2024-01-24,88.37,Pass
154,17,2024-01-24,70.84,Pass
154,18,2024-01-24,65.06,Pass
155,13,2024-01-24,69.7,Pass
155,14,2024-01-24,94.28,Pass
155,17,2024-01-24,58.31,Fail
155,18,2024-01-24,51.56,Fail
156,13,2024-01-24,87.35,Pass
156,14,2024-01-24,67.03,Pass
156,17,2024-01-24,82.79,Pass
156,18,2024-01-24,91.36,Pass
157,13,2024-01-24,69.6,Pass
157,14,2024-01-24,73.56,Pass
157,17,2024-01-24,,incomplete
157,18,2024-01-24,,incomplete
158,13,2024-01-24,,incomplete
158,14,2024-01-24,77.54,Pass
158,17,2024-01-24,73.13,Pass
158,18,2024-01-24,67.71,Pass
159,13,2024-01-24,46.48,Fail
159,14,2024-01-24,52.25,Fail
159,17,2024-01-24,,incomplete
159,18,2024-01-24,49.35,Fail
160,13,2024-01-24,62.69,Fail
160,14,2024-01-24,81.45,Pass
160,17,2024-01-24,31.39,Fail
160,18,2024-01-24,82.77,Pass
161,13,2024-01-24,77.71,Pass
161,14,2024-01-24,,incomplete
161,17,2024-01-24,50.97,Fail
161,18,2024-01-24,,incomplete
162,13,2024-01-24,20.94,Fail
162,14,2024-01-24,73.01,Pass
162,17,2024-01-24,94.74,Pass
162,18,2024-01-24,67.59,Pass
163,13,2024-01-24,89.23,Pass
163,14,2024-01-24,24.79,Fail
163,17,2024-01-24,,incomplete
163,18,2024-01-24,,incomplete
164,13,2024-01-24,72.61,Pass
164,14,2024-01-24,27.79,Fail
164,17,2024-01-24,68.48,Pass
164,18,2024-01-24,77.22,Pass
165,13,2024-01-24,88.45,Pass
165,14,2024-01-24,62.78,Fail
165,17,2024-01-24,,incomplete
165,18,2024-01-24,83.06,Pass
166,13,2024-01-24,79.92,Pass
166,14,2024-01-24,89.97,Pass
166,17,2024-01-24,,incomplete
166,18,2024-01-24,96.21,Pass
167,13,2024-01-24,,incomplete
167,14,2024-01-24,80.33,Pass
167,17,2024-01-24,59.35,Fail
167,18,2024-01-24,57.81,Fail
168,13,2024-01-24,52.49,Fail
168,14,2024-01-24,82.85,Pass
168,17,2024-01-24,,incomplete
168,18,2024-01-24,63.65,Fail
169,13,2024-01-24,95.3,Pass
169,14,2024-01-24,,incomplete
169,17,2024-01-24,23.62,Fail
169,18,2024-01-24,61.43,Fail
170,13,2024-01-24,71.73,Pass
170,14,2024-01-24,79.79,Pass
170,17,2024-01-24,29.09,Fail
170,18,2024-01-24,85.34,Pass
171,13,2024-01-24,83.14,Pass
171,14,2024-01-24,83.2,Pass
171,17,2024-01-24,,incomplete
171,18,2024-01-24,,incomplete
172,13,2024-01-24,94.43,Pass
172,14,2024-01-24,86.28,Pass
172,17,2024-01-24,71.36,Pass
172,18,2024-01-24,66.44,Pass
173,13,2024-01-24,,incomplete
173,14,2024-01-24,67.84,Pass
173,17,2024-01-24,15.44,Fail
173,18,2024-01-24,87.04,Pass
174,13,2024-01-24,92.98,Pass
174,14,2024-01-24,96.92,Pass
174,17,2024-01-24,95.98,Pass
174,18,2024-01-24,65.69,Pass
175,13,2024-01-24,73.81,Pass
175,14,2024-01-24,88.02,Pass
175,17,2024-01-24,94.16,Pass
175,18,2024-01-24,18.77,Fail
176,13,2024-01-24,66.7,Pass
176,14,2024-01-24,73.23,Pass
176,17,2024-01-24,96.3,Pass
176,18,2024-01-24,,incomplete
177,13,2024-01-24,44.4,Fail
177,14,2024-01-24,74.94,Pass
177,17,2024-01-24,85,Pass
177,18,2024-01-24,73.48,Pass
178,13,2024-01-24,35.57,Fail
178,14,2024-01-24,99.35,Pass
178,17,2024-01-24,84.48,Pass
178,18,2024-01-24,89.21,Pass
179,13,2024-01-24,93.29,Pass
179,14,2024-01-24,77.86,Pass
179,17,2024-01-24,51.7,Fail
179,18,2024-01-24,78.36,Pass
180,13,2024-01-24,70.31,Pass
180,14,2024-01-24,58.95,Fail
180,17,2024-01-24,74.38,Pass
180,18,2024-01-24,49.36,Fail
181,19,2024-01-24,77.42,Pass
181,20,2024-01-24,66.83,Pass
181,21,2024-01-24,37.67,Fail
181,22,2024-01-24,,incomplete
181,23,2024-01-24,97.75,Pass
181,24,2024-01-24,91.64,Pass
182,19,2024-01-24,95.58,Pass
182,20,2024-01-24,14.95,Fail
182,21,2024-01-24,79.6,Pass
182,22,2024-01-24,89.49,Pass
182,23,2024-01-24,64.76,Fail
182,24,2024-01-24,28.25,Fail
183,19,2024-01-24,97.24,Pass
183,20,2024-01-24,60.02,Fail
183,21,2024-01-24,63.79,Fail
183,22,2024-01-24,84.96,Pass
183,23,2024-01-24,92.34,Pass
183,24,2024-01-24,40.89,Fail
184,19,2024-01-24,60.89,Fail
184,20,2024-01-24,62.52,Fail
184,21,2024-01-24,96.93,Pass
184,22,2024-01-24,52.57,Fail
184,23,2024-01-24,78.99,Pass
184,24,2024-01-24,48.92,Fail
185,19,2024-01-24,86.89,Pass
185,20,2024-01-24,25.72,Fail
185,21,2024-01-24,71.05,Pass
185,22,2024-01-24,78.24,Pass
185,23,2024-01-24,68.28,Pass
185,24,2024-01-24,84.97,Pass
186,19,2024-01-24,41.83,Fail
186,20,2024-01-24,78.82,Pass
186,21,2024-01-24,,incomplete
186,22,2024-01-24,66.7,Pass
186,23,2024-01-24,76.78,Pass
186,24,2024-01-24,67.5,Pass
187,19,2024-01-24,68.37,Pass
187,20,2024-01-24,61.4,Fail
187,21,2024-01-24,49.99,Fail
187,22,2024-01-24,96.77,Pass
187,23,2024-01-24,75.37,Pass
187,24,2024-01-24,92.12,Pass
188,19,2024-01-24,97.41,Pass
188,20,2024-01-24,85.4,Pass
188,21,2024-01-24,65.64,Pass
188,22,2024-01-24,87.01,Pass
188,23,2024-01-24,67.04,Pass
188,24,2024-01-24,48.53,Fail
189,19,2024-01-24,,incomplete
189,20,2024-01-24,83.96,Pass
189,21,2024-01-24,96.05,Pass
189,22,2024-01-24,69.51,Pass
189,23,2024-01-24,30.68,Fail
189,24,2024-01-24,68.05,Pass
190,19,2024-01-24,,incomplete
190,20,2024-01-24,,incomplete
190,21,2024-01-24,,incomplete
190,22,2024-01-24,,incomplete
190,23,2024-01-24,,incomplete
190,24,2024-01-24,42.02,Fail
191,19,2024-01-24,,incomplete
191,20,2024-01-24,96.12,Pass
191,21,2024-01-24,54.27,Fail
191,22,2024-01-24,75.14,Pass
191,23,2024-01-24,79.65,Pass
191,24,2024-01-24,75.9,Pass
192,19,2024-01-24,72.96,Pass
192,20,2024-01-24,70.27,Pass
192,21,2024-01-24,68.05,Pass
192,22,2024-01-24,51.68,Fail
192,23,2024-01-24,59.21,Fail
192,24,2024-01-24,63.57,Fail
193,19,2024-01-24,31.39,Fail
193,20,2024-01-24,56.81,Fail
193,21,2024-01-24,88.64,Pass
193,22,2024-01-24,79.05,Pass
193,23,2024-01-24,94.8,Pass
193,24,2024-01-24,46.12,Fail
194,19,2024-01-24,72.7,Pass
194,20,2024-01-24,90.47,Pass
194,21,2024-01-24,79.68,Pass
194,22,2024-01-24,,incomplete
194,23,2024-01-24,38.12,Fail
194,24,2024-01-24,75.57,Pass
195,19,2024-01-24,69.07,Pass
195,20,2024-01-24,27.9,Fail
195,21,2024-01-24,96.84,Pass
195,22,2024-01-24,74.07,Pass
195,23,2024-01-24,,incomplete
195,24,2024-01-24,51.71,Fail
196,19,2024-01-24,87.49,Pass
196,20,2024-01-24,29.82,Fail
196,21,2024-01-24,75.67,Pass
196,22,2024-01-24,37.99,Fail
196,23,2024-01-24,82.69,Pass
196,24,2024-01-24,,incomplete
197,19,2024-01-24,41.79,Fail
197,20,2024-01-24,56.79,Fail
197,21,2024-01-24,83.79,Pass
197,22,2024-01-24,80.26,Pass
197,23,2024-01-24,88.81,Pass
197,24,2024-01-24,94.88,Pass
198,19,2024-01-24,,incomplete
198,20,2024-01-24,49.39,Fail
198,21,2024-01-24,83.75,Pass
198,22,2024-01-24,80.73,Pass
198,23,2024-01-24,87.87,Pass
198,24,2024-01-24,97.75,Pass
199,19,2024-01-24,85.34,Pass
199,20,2024-01-24,50.89,Fail
199,21,2024-01-24,82.07,Pass
199,22,2024-01-24,97.01,Pass
199,23,2024-01-24,95.26,Pass
199,24,2024-01-24,56.82,Fail
200,19,2024-01-24,54.86,Fail
200,20,2024-01-24,81.15,Pass
200,21,2024-01-24,80.02,Pass
200,22,2024-01-24,65.54,Pass
200,23,2024-01-24,56.33,Fail
200,24,2024-01-24,29.94,Fail
201,19,2024-01-24,,incomplete
201,20,2024-01-24,66.78,Pass
201,21,2024-01-24,79.14,Pass
201,22,2024-01-24,55.97,Fail
201,23,2024-01-24,,incomplete
201,24,2024-01-24,53.04,Fail
202,19,2024-01-24,85.33,Pass
202,20,2024-01-24,86.77,Pass
202,21,2024-01-24,46.67,Fail
202,22,2024-01-24,79.4,Pass
202,23,2024-01-24,,incomplete
202,24,2024-01-24,93.93,Pass
203,19,2024-01-24,72.2,Pass
203,20,2024-01-24,74.35,Pass
203,21,2024-01-24,65.49,Pass
203,22,2024-01-24,37.9,Fail
203,23,2024-01-24,72.51,Pass
203,24,2024-01-24,57.4,Fail
204,19,2024-01-24,62.85,Fail
204,20,2024-01-24,65.17,Pass
204,21,2024-01-24,81.78,Pass
204,22,2024-01-24,74.68,Pass
204,23,2024-01-24,,incomplete
204,24,2024-01-24,84.51,Pass
205,19,2024-01-24,71.22,Pass
205,20,2024-01-24,51.08,Fail
205,21,2024-01-24,71.46,Pass
205,22,2024-01-24,91.65,Pass
205,23,2024-01-24,66.51,Pass
205,24,2024-01-24,,incomplete
206,19,2024-01-24,,incomplete
206,20,2024-01-24,90.33,Pass
206,21,2024-01-24,97.62,Pass
206,22,2024-01-24,68.29,Pass
206,23,2024-01-24,,incomplete
206,24,2024-01-24,57.7,Fail
207,19,2024-01-24,,incomplete
207,20,2024-01-24,53.97,Fail
207,21,2024-01-24,72.45,Pass
207,22,2024-01-24,93.45,Pass
207,23,2024-01-24,57,Fail
207,24,2024-01-24,53.73,Fail
208,19,2024-01-24,66.79,Pass
208,20,2024-01-24,67.24,Pass
208,21,2024-01-24,63.91,Fail
208,22,2024-01-24,73.15,Pass
208,23,2024-01-24,96.24,Pass
208,24,2024-01-24,59.11,Fail
209,19,2024-01-24,55.6,Fail
209,20,2024-01-24,72.42,Pass
209,21,2024-01-24,45.17,Fail
209,22,2024-01-24,61.78,Fail
209,23,2024-01-24,47.23,Fail
209,24,2024-01-24,73.85,Pass
210,19,2024-01-24,45.83,Fail
210,20,2024-01-24,54.18,Fail
210,21,2024-01-24,81.14,Pass
210,22,2024-01-24,,incomplete
210,23,2024-01-24,69.7,Pass
210,24,2024-01-24,50.05,Fail
211,19,2024-01-24,63.19,Fail
211,20,2024-01-24,89.21,Pass
211,21,2024-01-24,56.6,Fail
211,22,2024-01-24,74.24,Pass
211,23,2024-01-24,73.55,Pass
211,24,2024-01-24,67.66,Pass
212,19,2024-01-24,58.17,Fail
212,20,2024-01-24,81.73,Pass
212,21,2024-01-24,,incomplete
212,22,2024-01-24,82.05,Pass
212,23,2024-01-24,66.48,Pass
212,24,2024-01-24,85.48,Pass
213,19,2024-01-24,44.52,Fail
213,20,2024-01-24,83.39,Pass
213,21,2024-01-24,60.32,Fail
213,22,2024-01-24,59.78,Fail
213,23,2024-01-24,81.83,Pass
213,24,2024-01-24,56.67,Fail
214,19,2024-01-24,76.7,Pass
214,20,2024-01-24,75.83,Pass
214,21,2024-01-24,88.58,Pass
214,22,2024-01-24,90.29,Pass
214,23,2024-01-24,39.91,Fail
214,24,2024-01-24,,incomplete
215,19,2024-01-24,87.26,Pass
215,20,2024-01-24,49.93,Fail
215,21,2024-01-24,48.17,Fail
215,22,2024-01-24,80.35,Pass
215,23,2024-01-24,80.49,Pass
215,24,2024-01-24,64.87,Fail
216,19,2024-01-24,59.83,Fail
216,20,2024-01-24,78.09,Pass
216,21,2024-01-24,60.87,Fail
216,22,2024-01-24,53.02,Fail
216,23,2024-01-24,72.79,Pass
216,24,2024-01-24,87.83,Pass
217,19,2024-01-24,98.87,Pass
217,20,2024-01-24,72.45,Pass
217,21,2024-01-24,97.61,Pass
217,22,2024-01-24,66.81,Pass
217,23,2024-01-24,72.73,Pass
217,24,2024-01-24,56.18,Fail
218,19,2024-01-24,76.49,Pass
218,20,2024-01-24,75.97,Pass
218,21,2024-01-24,24.01,Fail
218,22,2024-01-24,65.66,Pass
218,23,2024-01-24,83.19,Pass
218,24,2024-01-24,58.78,Fail
219,19,2024-01-24,76.2,Pass
219,20,2024-01-24,47.94,Fail
219,21,2024-01-24,75.66,Pass
219,22,2024-01-24,65.79,Pass
219,23,2024-01-24,61.96,Fail
219,24,2024-01-24,68.11,Pass
220,19,2024-01-24,94.31,Pass
220,20,2024-01-24,77.77,Pass
220,21,2024-01-24,86.52,Pass
220,22,2024-01-24,82.12,Pass
220,23,2024-01-24,90.74,Pass
220,24,2024-01-24,67.14,Pass
221,19,2024-01-24,76.68,Pass
221,20,2024-01-24,33.43,Fail
221,21,2024-01-24,,incomplete
221,22,2024-01-24,52.53,Fail
221,23,2024-01-24,63.93,Fail
221,24,2024-01-24,62.44,Fail
222,19,2024-01-24,,incomplete
222,20,2024-01-24,91.46,Pass
222,21,2024-01-24,73.58,Pass
222,22,2024-01-24,,incomplete
222,23,2024-01-24,72.98,Pass
222,24,2024-01-24,81.35,Pass
223,19,2024-01-24,76.15,Pass
223,20,2024-01-24,80.47,Pass
223,21,2024-01-24,78.15,Pass
223,22,2024-01-24,67.05,Pass
223,23,2024-01-24,32.67,Fail
223,24,2024-01-24,67.38,Pass
224,19,2024-01-24,47.94,Fail
224,20,2024-01-24,81.27,Pass
224,21,2024-01-24,71.49,Pass
224,22,2024-01-24,85.37,Pass
224,23,2024-01-24,77.98,Pass
224,24,2024-01-24,59.69,Fail
225,19,2024-01-24,59.09,Fail
225,20,2024-01-24,89.81,Pass
225,21,2024-01-24,,incomplete
225,22,2024-01-24,57.53,Fail
225,23,2024-01-24,40.27,Fail
225,24,2024-01-24,,incomplete
226,19,2024-01-24,79.31,Pass
226,20,2024-01-24,26.1,Fail
226,21,2024-01-24,45.28,Fail
226,22,2024-01-24,79.53,Pass
226,23,2024-01-24,39.48,Fail
226,24,2024-01-24,66.11,Pass
227,19,2024-01-24,44.73,Fail
227,20,2024-01-24,95.54,Pass
227,21,2024-01-24,84.95,Pass
227,22,2024-01-24,67.42,Pass
227,23,2024-01-24,69.41,Pass
227,24,2024-01-24,88.53,Pass
228,19,2024-01-24,83.87,Pass
228,20,2024-01-24,65.41,Pass
228,21,2024-01-24,71.36,Pass
228,22,2024-01-24,80.56,Pass
228,23,2024-01-24,47.58,Fail
228,24,2024-01-24,47.15,Fail
229,19,2024-01-24,76.73,Pass
229,20,2024-01-24,33.66,Fail
229,21,2024-01-24,77.57,Pass
229,22,2024-01-24,55.46,Fail
229,23,2024-01-24,33.6,Fail
229,24,2024-01-24,99.27,Pass
230,19,2024-01-24,76.83,Pass
230,20,2024-01-24,73.27,Pass
230,21,2024-01-24,90.57,Pass
230,22,2024-01-24,46.52,Fail
230,23,2024-01-24,18.65,Fail
230,24,2024-01-24,47.43,Fail
231,19,2024-01-24,30.92,Fail
231,20,2024-01-24,67.42,Pass
231,21,2024-01-24,41.73,Fail
231,22,2024-01-24,86.06,Pass
231,23,2024-01-24,76,Pass
231,24,2024-01-24,26.05,Fail
232,19,2024-01-24,76,Pass
232,20,2024-01-24,,incomplete
232,21,2024-01-24,65.01,Pass
232,22,2024-01-24,38.25,Fail
232,23,2024-01-24,91.52,Pass
232,24,2024-01-24,56.86,Fail
233,19,2024-01-24,39.91,Fail
233,20,2024-01-24,93.52,Pass
233,21,2024-01-24,50.16,Fail
233,22,2024-01-24,48.11,Fail
233,23,2024-01-24,25.99,Fail
233,24,2024-01-24,,incomplete
234,19,2024-01-24,93.3,Pass
234,20,2024-01-24,35.71,Fail
234,21,2024-01-24,39.53,Fail
234,22,2024-01-24,87.97,Pass
234,23,2024-01-24,45.81,Fail
234,24,2024-01-24,,incomplete
235,19,2024-01-24,79.74,Pass
235,20,2024-01-24,,incomplete
235,21,2024-01-24,49.43,Fail
235,22,2024-01-24,52.13,Fail
235,23,2024-01-24,42.2,Fail
235,24,2024-01-24,96.15,Pass
236,19,2024-01-24,52.93,Fail
236,20,2024-01-24,74.99,Pass
236,21,2024-01-24,81.05,Pass
236,22,2024-01-24,45.88,Fail
236,23,2024-01-24,82.37,Pass
236,24,2024-01-24,60.09,Fail
237,19,2024-01-24,,incomplete
237,20,2024-01-24,34.88,Fail
237,21,2024-01-24,81.06,Pass
237,22,2024-01-24,41.97,Fail
237,23,2024-01-24,58.94,Fail
237,24,2024-01-24,66.72,Pass
238,19,2024-01-24,97.38,Pass
238,20,2024-01-24,95.96,Pass
238,21,2024-01-24,80.47,Pass
238,22,2024-01-24,89.77,Pass
238,23,2024-01-24,59.25,Fail
238,24,2024-01-24,80.12,Pass
239,19,2024-01-24,67.47,Pass
239,20,2024-01-24,,incomplete
239,21,2024-01-24,,incomplete
239,22,2024-01-24,90.14,Pass
239,23,2024-01-24,99.51,Pass
239,24,2024-01-24,47.18,Fail
240,19,2024-01-24,,incomplete
240,20,2024-01-24,98.14,Pass
240,21,2024-01-24,60.07,Fail
240,22,2024-01-24,70.55,Pass
240,23,2024-01-24,46.43,Fail
240,24,2024-01-24,77.71,Pass
241,1,2024-01-24,70.52,Pass
241,2,2024-01-24,,incomplete
241,5,2024-01-24,76.22,Pass
241,6,2024-01-24,82.35,Pass
242,1,2024-01-24,48.02,Fail
242,2,2024-01-24,35.47,Fail
242,5,2024-01-24,91.48,Pass
242,6,2024-01-24,73.66,Pass
243,1,2024-01-24,48.74,Fail
243,2,2024-01-24,63.63,Fail
243,5,2024-01-24,86.19,Pass
243,6,2024-01-24,,incomplete
244,1,2024-01-24,76.76,Pass
244,2,2024-01-24,67.34,Pass
244,5,2024-01-24,,incomplete
244,6,2024-01-24,98.09,Pass
245,1,2024-01-24,55.61,Fail
245,2,2024-01-24,64.55,Fail
245,5,2024-01-24,78.91,Pass
245,6,2024-01-24,73.95,Pass
246,1,2024-01-24,54.52,Fail
246,2,2024-01-24,50.58,Fail
246,5,2024-01-24,67.97,Pass
246,6,2024-01-24,67.74,Pass
247,1,2024-01-24,,incomplete
247,2,2024-01-24,64.99,Fail
247,5,2024-01-24,,incomplete
247,6,2024-01-24,39.72,Fail
248,1,2024-01-24,29.05,Fail
248,2,2024-01-24,,incomplete
248,5,2024-01-24,87.94,Pass
248,6,2024-01-24,67.57,Pass
249,1,2024-01-24,95.18,Pass
249,2,2024-01-24,48.3,Fail
249,5,2024-01-24,72.75,Pass
249,6,2024-01-24,81.96,Pass
250,1,2024-01-24,67.77,Pass
250,2,2024-01-24,55.97,Fail
250,5,2024-01-24,99.67,Pass
250,6,2024-01-24,95.51,Pass
251,1,2024-01-24,71.82,Pass
251,2,2024-01-24,21.34,Fail
251,5,2024-01-24,62.51,Fail
251,6,2024-01-24,50.14,Fail
252,1,2024-01-24,63.08,Fail
252,2,2024-01-24,64.8,Fail
252,5,2024-01-24,82.56,Pass
252,6,2024-01-24,85.06,Pass
253,1,2024-01-24,76.95,Pass
253,2,2024-01-24,85.09,Pass
253,5,2024-01-24,36.78,Fail
253,6,2024-01-24,45.68,Fail
254,1,2024-01-24,67.68,Pass
254,2,2024-01-24,32.52,Fail
254,5,2024-01-24,86.19,Pass
254,6,2024-01-24,,incomplete
255,1,2024-01-24,97.15,Pass
255,2,2024-01-24,39.19,Fail
255,5,2024-01-24,89.42,Pass
255,6,2024-01-24,97.04,Pass
256,1,2024-01-24,64.32,Fail
256,2,2024-01-24,47.36,Fail
256,5,2024-01-24,74.76,Pass
256,6,2024-01-24,93.46,Pass
257,1,2024-01-24,65.82,Pass
257,2,2024-01-24,45.48,Fail
257,5,2024-01-24,70.26,Pass
257,6,2024-01-24,36.53,Fail
258,1,2024-01-24,85.14,Pass
258,2,2024-01-24,34.12,Fail
258,5,2024-01-24,98.54,Pass
258,6,2024-01-24,91.25,Pass
259,1,2024-01-24,68.49,Pass
259,2,2024-01-24,70.1,Pass
259,5,2024-01-24,68.94,Pass
259,6,2024-01-24,72.22,Pass
260,1,2024-01-24,,incomplete
260,2,2024-01-24,49.21,Fail
260,5,2024-01-24,90.66,Pass
260,6,2024-01-24,84.97,Pass
261,1,2024-01-24,70.63,Pass
261,2,2024-01-24,99.3,Pass
261,5,2024-01-24,75.92,Pass
261,6,2024-01-24,91.34,Pass
262,1,2024-01-24,,incomplete
262,2,2024-01-24,54.67,Fail
262,5,2024-01-24,60.29,Fail
262,6,2024-01-24,61.63,Fail
263,1,2024-01-24,58.99,Fail
263,2,2024-01-24,91.62,Pass
263,5,2024-01-24,97.97,Pass
263,6,2024-01-24,60.42,Fail
264,1,2024-01-24,65.94,Pass
264,2,2024-01-24,35.63,Fail
264,5,2024-01-24,81.66,Pass
264,6,2024-01-24,67.79,Pass
265,1,2024-01-24,51.34,Fail
265,2,2024-01-24,,incomplete
265,5,2024-01-24,63.59,Fail
265,6,2024-01-24,35.33,Fail
266,1,2024-01-24,66.07,Pass
266,2,2024-01-24,58.43,Fail
266,5,2024-01-24,46.82,Fail
266,6,2024-01-24,70.48,Pass
267,1,2024-01-24,58.24,Fail
267,2,2024-01-24,61.59,Fail
267,5,2024-01-24,64,Fail
267,6,2024-01-24,58.75,Fail
268,1,2024-01-24,75.53,Pass
268,2,2024-01-24,97.66,Pass
268,5,2024-01-24,78.16,Pass
268,6,2024-01-24,26.84,Fail
269,1,2024-01-24,89.35,Pass
269,2,2024-01-24,86.96,Pass
269,5,2024-01-24,29.89,Fail
269,6,2024-01-24,45.61,Fail
270,1,2024-01-24,79.15,Pass
270,2,2024-01-24,57.92,Fail
270,5,2024-01-24,83.02,Pass
270,6,2024-01-24,52.89,Fail
271,1,2024-01-24,67.61,Pass
271,2,2024-01-24,58.89,Fail
271,5,2024-01-24,63.6,Fail
271,6,2024-01-24,37.41,Fail
272,1,2024-01-24,91.62,Pass
272,2,2024-01-24,,incomplete
272,5,2024-01-24,,incomplete
272,6,2024-01-24,92.95,Pass
273,1,2024-01-24,,incomplete
273,2,2024-01-24,,incomplete
273,5,2024-01-24,18,Fail
273,6,2024-01-24,,incomplete
274,1,2024-01-24,64.4,Fail
274,2,2024-01-24,,incomplete
274,5,2024-01-24,86.13,Pass
274,6,2024-01-24,57.45,Fail
275,1,2024-01-24,86.06,Pass
275,2,2024-01-24,49.96,Fail
275,5,2024-01-24,57.85,Fail
275,6,2024-01-24,90.38,Pass
276,1,2024-01-24,88.27,Pass
276,2,2024-01-24,17.18,Fail
276,5,2024-01-24,65.48,Pass
276,6,2024-01-24,86.49,Pass
277,1,2024-01-24,87.14,Pass
277,2,2024-01-24,25.95,Fail
277,5,2024-01-24,66.81,Pass
277,6,2024-01-24,82.4,Pass
278,1,2024-01-24,68.67,Pass
278,2,2024-01-24,89.63,Pass
278,5,2024-01-24,67.69,Pass
278,6,2024-01-24,38.99,Fail
279,1,2024-01-24,54.89,Fail
279,2,2024-01-24,69.3,Pass
279,5,2024-01-24,66.83,Pass
279,6,2024-01-24,51.34,Fail
280,1,2024-01-24,74.04,Pass
280,2,2024-01-24,,incomplete
280,5,2024-01-24,90.29,Pass
280,6,2024-01-24,87.13,Pass
281,1,2024-01-24,,incomplete
281,2,2024-01-24,7.6,Fail
281,5,2024-01-24,57.82,Fail
281,6,2024-01-24,60.96,Fail
282,1,2024-01-24,59.75,Fail
282,2,2024-01-24,39.69,Fail
282,5,2024-01-24,78.07,Pass
282,6,2024-01-24,75.1,Pass
283,1,2024-01-24,77.87,Pass
283,2,2024-01-24,66.36,Pass
283,5,2024-01-24,70.47,Pass
283,6,2024-01-24,64.08,Fail
284,1,2024-01-24,71.65,Pass
284,2,2024-01-24,,incomplete
284,5,2024-01-24,49.88,Fail
284,6,2024-01-24,95.72,Pass
285,1,2024-01-24,72.61,Pass
285,2,2024-01-24,49.28,Fail
285,5,2024-01-24,95.04,Pass
285,6,2024-01-24,67.77,Pass
286,1,2024-01-24,28.21,Fail
286,2,2024-01-24,83.06,Pass
286,5,2024-01-24,83.62,Pass
286,6,2024-01-24,95.08,Pass
287,1,2024-01-24,,incomplete
287,2,2024-01-24,96.06,Pass
287,5,2024-01-24,,incomplete
287,6,2024-01-24,47.5,Fail
288,1,2024-01-24,78.67,Pass
288,2,2024-01-24,,incomplete
288,5,2024-01-24,57.39,Fail
288,6,2024-01-24,,incomplete
289,1,2024-01-24,76.9,Pass
289,2,2024-01-24,46.22,Fail
289,5,2024-01-24,75.43,Pass
289,6,2024-01-24,80.04,Pass
290,1,2024-01-24,78.83,Pass
290,2,2024-01-24,50.6,Fail
290,5,2024-01-24,60.9,Fail
290,6,2024-01-24,34.87,Fail
291,1,2024-01-24,59.3,Fail
291,2,2024-01-24,55.87,Fail
291,5,2024-01-24,99.29,Pass
291,6,2024-01-24,70.81,Pass
292,1,2024-01-24,70.42,Pass
292,2,2024-01-24,91.07,Pass
292,5,2024-01-24,72.72,Pass
292,6,2024-01-24,,incomplete
293,1,2024-01-24,87.65,Pass
293,2,2024-01-24,71.55,Pass
293,5,2024-01-24,,incomplete
293,6,2024-01-24,43.83,Fail
294,1,2024-01-24,,incomplete
294,2,2024-01-24,62.3,Fail
294,5,2024-01-24,78.1,Pass
294,6,2024-01-24,22.17,Fail
295,1,2024-01-24,91.72,Pass
295,2,2024-01-24,64.82,Fail
295,5,2024-01-24,79.86,Pass
295,6,2024-01-24,84.25,Pass
296,1,2024-01-24,84.93,Pass
296,2,2024-01-24,78.32,Pass
296,5,2024-01-24,56.76,Fail
296,6,2024-01-24,96.3,Pass
297,1,2024-01-24,83.89,Pass
297,2,2024-01-24,87.43,Pass
297,5,2024-01-24,82.4,Pass
297,6,2024-01-24,83.19,Pass
298,1,2024-01-24,,incomplete
298,2,2024-01-24,92.56,Pass
298,5,2024-01-24,69.66,Pass
298,6,2024-01-24,39.74,Fail
299,1,2024-01-24,26.95,Fail
299,2,2024-01-24,,incomplete
299,5,2024-01-24,81.38,Pass
299,6,2024-01-24,62.69,Fail
300,1,2024-01-24,71.11,Pass
300,2,2024-01-24,91.81,Pass
300,5,2024-01-24,10.58,Fail
300,6,2024-01-24,48.74,Fail
301,7,2024-01-24,79.14,Pass
301,8,2024-01-24,70.36,Pass
301,9,2024-01-24,41.02,Fail
301,10,2024-01-24,82.8,Pass
301,11,2024-01-24,63.62,Fail
301,12,2024-01-24,95.28,Pass
302,7,2024-01-24,21.87,Fail
302,8,2024-01-24,,incomplete
302,9,2024-01-24,72.11,Pass
302,10,2024-01-24,81.54,Pass
302,11,2024-01-24,,incomplete
302,12,2024-01-24,41.61,Fail
303,7,2024-01-24,76.8,Pass
303,8,2024-01-24,66.19,Pass
303,9,2024-01-24,94.4,Pass
303,10,2024-01-24,,incomplete
303,11,2024-01-24,44.25,Fail
303,12,2024-01-24,75.8,Pass
304,7,2024-01-24,,incomplete
304,8,2024-01-24,87.69,Pass
304,9,2024-01-24,59.89,Fail
304,10,2024-01-24,86.25,Pass
304,11,2024-01-24,71.75,Pass
304,12,2024-01-24,96.07,Pass
305,7,2024-01-24,55.74,Fail
305,8,2024-01-24,89.48,Pass
305,9,2024-01-24,55.27,Fail
305,10,2024-01-24,30.92,Fail
305,11,2024-01-24,48.24,Fail
305,12,2024-01-24,93.66,Pass
306,7,2024-01-24,45.75,Fail
306,8,2024-01-24,96.98,Pass
306,9,2024-01-24,63.66,Fail
306,10,2024-01-24,93.5,Pass
306,11,2024-01-24,96.91,Pass
306,12,2024-01-24,57.67,Fail
307,7,2024-01-24,56.57,Fail
307,8,2024-01-24,42.56,Fail
307,9,2024-01-24,,incomplete
307,10,2024-01-24,71.79,Pass
307,11,2024-01-24,48.03,Fail
307,12,2024-01-24,,incomplete
308,7,2024-01-24,63.58,Fail
308,8,2024-01-24,88.83,Pass
308,9,2024-01-24,83.64,Pass
308,10,2024-01-24,,incomplete
308,11,2024-01-24,88.03,Pass
308,12,2024-01-24,46.88,Fail
309,7,2024-01-24,66.19,Pass
309,8,2024-01-24,25.08,Fail
309,9,2024-01-24,73.3,Pass
309,10,2024-01-24,38.45,Fail
309,11,2024-01-24,99.83,Pass
309,12,2024-01-24,79.75,Pass
310,7,2024-01-24,73.19,Pass
310,8,2024-01-24,26.46,Fail
310,9,2024-01-24,79.71,Pass
310,10,2024-01-24,94.17,Pass
310,11,2024-01-24,71,Pass
310,12,2024-01-24,88.25,Pass
311,7,2024-01-24,66.36,Pass
311,8,2024-01-24,67.96,Pass
311,9,2024-01-24,49.17,Fail
311,10,2024-01-24,97.14,Pass
311,11,2024-01-24,,incomplete
311,12,2024-01-24,76.07,Pass
312,7,2024-01-24,69.79,Pass
312,8,2024-01-24,90.38,Pass
312,9,2024-01-24,,incomplete
312,10,2024-01-24,,incomplete
312,11,2024-01-24,49.26,Fail
312,12,2024-01-24,36.22,Fail
313,7,2024-01-24,,incomplete
313,8,2024-01-24,97.57,Pass
313,9,2024-01-24,96.16,Pass
313,10,2024-01-24,93.96,Pass
313,11,2024-01-24,78.37,Pass
313,12,2024-01-24,83.98,Pass
314,7,2024-01-24,90.35,Pass
314,8,2024-01-24,63.8,Fail
314,9,2024-01-24,86.93,Pass
314,10,2024-01-24,44.42,Fail
314,11,2024-01-24,52.52,Fail
314,12,2024-01-24,88.36,Pass
315,7,2024-01-24,68.73,Pass
315,8,2024-01-24,87.24,Pass
315,9,2024-01-24,93.05,Pass
315,10,2024-01-24,95.23,Pass
315,11,2024-01-24,,incomplete
315,12,2024-01-24,82.29,Pass
316,7,2024-01-24,91.44,Pass
316,8,2024-01-24,68.88,Pass
316,9,2024-01-24,74.55,Pass
316,10,2024-01-24,49.96,Fail
316,11,2024-01-24,,incomplete
316,12,2024-01-24,60.55,Fail
317,7,2024-01-24,51.6,Fail
317,8,2024-01-24,62.31,Fail
317,9,2024-01-24,21.37,Fail
317,10,2024-01-24,,incomplete
317,11,2024-01-24,71.28,Pass
317,12,2024-01-24,79.64,Pass
318,7,2024-01-24,33.98,Fail
318,8,2024-01-24,45.07,Fail
318,9,2024-01-24,93.77,Pass
318,10,2024-01-24,72.09,Pass
318,11,2024-01-24,92.51,Pass
318,12,2024-01-24,71.23,Pass
319,7,2024-01-24,49.24,Fail
319,8,2024-01-24,66.35,Pass
319,9,2024-01-24,,incomplete
319,10,2024-01-24,59.69,Fail
319,11,2024-01-24,,incomplete
319,12,2024-01-24,,incomplete
320,7,2024-01-24,97.68,Pass
320,8,2024-01-24,77.45,Pass
320,9,2024-01-24,98.29,Pass
320,10,2024-01-24,79.22,Pass
320,11,2024-01-24,84.21,Pass
320,12,2024-01-24,99.65,Pass
321,7,2024-01-24,57.78,Fail
321,8,2024-01-24,68.1,Pass
321,9,2024-01-24,93.21,Pass
321,10,2024-01-24,76.16,Pass
321,11,2024-01-24,90.32,Pass
321,12,2024-01-24,91.08,Pass
322,7,2024-01-24,93.39,Pass
322,8,2024-01-24,54.61,Fail
322,9,2024-01-24,45.56,Fail
322,10,2024-01-24,48.06,Fail
322,11,2024-01-24,63.5,Fail
322,12,2024-01-24,93.25,Pass
323,7,2024-01-24,77.4,Pass
323,8,2024-01-24,73.02,Pass
323,9,2024-01-24,,incomplete
323,10,2024-01-24,96.38,Pass
323,11,2024-01-24,84.42,Pass
323,12,2024-01-24,76.01,Pass
324,7,2024-01-24,90.54,Pass
324,8,2024-01-24,64.61,Fail
324,9,2024-01-24,81.51,Pass
324,10,2024-01-24,57.43,Fail
324,11,2024-01-24,,incomplete
324,12,2024-01-24,29.76,Fail
325,7,2024-01-24,57.5,Fail
325,8,2024-01-24,54.57,Fail
325,9,2024-01-24,84.34,Pass
325,10,2024-01-24,74.09,Pass
325,11,2024-01-24,76.43,Pass
325,12,2024-01-24,64.84,Fail
326,7,2024-01-24,73.92,Pass
326,8,2024-01-24,73.69,Pass
326,9,2024-01-24,99.1,Pass
326,10,2024-01-24,98.14,Pass
326,11,2024-01-24,,incomplete
326,12,2024-01-24,72.63,Pass
327,7,2024-01-24,52.12,Fail
327,8,2024-01-24,76.41,Pass
327,9,2024-01-24,70.29,Pass
327,10,2024-01-24,72.92,Pass
327,11,2024-01-24,54.39,Fail
327,12,2024-01-24,39.83,Fail
328,7,2024-01-24,37.79,Fail
328,8,2024-01-24,67.04,Pass
328,9,2024-01-24,62.46,Fail
328,10,2024-01-24,43.11,Fail
328,11,2024-01-24,73.78,Pass
328,12,2024-01-24,96.58,Pass
329,7,2024-01-24,70.54,Pass
329,8,2024-01-24,69.26,Pass
329,9,2024-01-24,84.49,Pass
329,10,2024-01-24,,incomplete
329,11,2024-01-24,,incomplete
329,12,2024-01-24,69.58,Pass
330,7,2024-01-24,76.5,Pass
330,8,2024-01-24,58.81,Fail
330,9,2024-01-24,59.55,Fail
330,10,2024-01-24,79.78,Pass
330,11,2024-01-24,74.05,Pass
330,12,2024-01-24,67.36,Pass
331,7,2024-01-24,57.67,Fail
331,8,2024-01-24,94.35,Pass
331,9,2024-01-24,54.36,Fail
331,10,2024-01-24,16.88,Fail
331,11,2024-01-24,94.44,Pass
331,12,2024-01-24,41.06,Fail
332,7,2024-01-24,51.75,Fail
332,8,2024-01-24,90.23,Pass
332,9,2024-01-24,56.73,Fail
332,10,2024-01-24,68.47,Pass
332,11,2024-01-24,58.93,Fail
332,12,2024-01-24,40.79,Fail
333,7,2024-01-24,21.23,Fail
333,8,2024-01-24,91.02,Pass
333,9,2024-01-24,88.6,Pass
333,10,2024-01-24,75.45,Pass
333,11,2024-01-24,63.26,Fail
333,12,2024-01-24,90.68,Pass
334,7,2024-01-24,54.91,Fail
334,8,2024-01-24,53.26,Fail
334,9,2024-01-24,52.2,Fail
334,10,2024-01-24,90.99,Pass
334,11,2024-01-24,,incomplete
334,12,2024-01-24,,incomplete
335,7,2024-01-24,,incomplete
335,8,2024-01-24,70.93,Pass
335,9,2024-01-24,50.3,Fail
335,10,2024-01-24,,incomplete
335,11,2024-01-24,67.5,Pass
335,12,2024-01-24,79.26,Pass
336,7,2024-01-24,81.53,Pass
336,8,2024-01-24,86.68,Pass
336,9,2024-01-24,72.71,Pass
336,10,2024-01-24,59.4,Fail
336,11,2024-01-24,67.34,Pass
336,12,2024-01-24,59.52,Fail
337,7,2024-01-24,80.13,Pass
337,8,2024-01-24,96.6,Pass
337,9,2024-01-24,68.21,Pass
337,10,2024-01-24,41.73,Fail
337,11,2024-01-24,77.71,Pass
337,12,2024-01-24,62.34,Fail
338,7,2024-01-24,58.01,Fail
338,8,2024-01-24,,incomplete
338,9,2024-01-24,53.77,Fail
338,10,2024-01-24,74.34,Pass
338,11,2024-01-24,45.28,Fail
338,12,2024-01-24,89.7,Pass
339,7,2024-01-24,,incomplete
339,8,2024-01-24,78.74,Pass
339,9,2024-01-24,,incomplete
339,10,2024-01-24,61.08,Fail
339,11,2024-01-24,67.65,Pass
339,12,2024-01-24,31.15,Fail
340,7,2024-01-24,66.45,Pass
340,8,2024-01-24,,incomplete
340,9,2024-01-24,83.68,Pass
340,10,2024-01-24,73.43,Pass
340,11,2024-01-24,38.91,Fail
340,12,2024-01-24,83.85,Pass
341,7,2024-01-24,39.69,Fail
341,8,2024-01-24,,incomplete
341,9,2024-01-24,79.7,Pass
341,10,2024-01-24,88.69,Pass
341,11,2024-01-24,90.74,Pass
341,12,2024-01-24,,incomplete
342,7,2024-01-24,80.31,Pass
342,8,2024-01-24,27.47,Fail
342,9,2024-01-24,87.05,Pass
342,10,2024-01-24,46.02,Fail
342,11,2024-01-24,93.16,Pass
342,12,2024-01-24,67.58,Pass
343,7,2024-01-24,70.22,Pass
343,8,2024-01-24,87.46,Pass
343,9,2024-01-24,38.35,Fail
343,10,2024-01-24,57.45,Fail
343,11,2024-01-24,45.12,Fail
343,12,2024-01-24,94.38,Pass
344,7,2024-01-24,93.18,Pass
344,8,2024-01-24,73.11,Pass
344,9,2024-01-24,78.39,Pass
344,10,2024-01-24,56.84,Fail
344,11,2024-01-24,94.38,Pass
344,12,2024-01-24,,incomplete
345,7,2024-01-24,72.34,Pass
345,8,2024-01-24,43.53,Fail
345,9,2024-01-24,,incomplete
345,10,2024-01-24,69.69,Pass
345,11,2024-01-24,83.82,Pass
345,12,2024-01-24,83.93,Pass
346,7,2024-01-24,77.17,Pass
346,8,2024-01-24,,incomplete
346,9,2024-01-24,55.98,Fail
346,10,2024-01-24,86.29,Pass
346,11,2024-01-24,81.73,Pass
346,12,2024-01-24,83.06,Pass
347,7,2024-01-24,92.43,Pass
347,8,2024-01-24,96.19,Pass
347,9,2024-01-24,,incomplete
347,10,2024-01-24,92.85,Pass
347,11,2024-01-24,35.32,Fail
347,12,2024-01-24,57.68,Fail
348,7,2024-01-24,86.7,Pass
348,8,2024-01-24,47.23,Fail
348,9,2024-01-24,63.76,Fail
348,10,2024-01-24,97.46,Pass
348,11,2024-01-24,46.33,Fail
348,12,2024-01-24,60.35,Fail
349,7,2024-01-24,74.81,Pass
349,8,2024-01-24,,incomplete
349,9,2024-01-24,68.14,Pass
349,10,2024-01-24,19.64,Fail
349,11,2024-01-24,65.92,Pass
349,12,2024-01-24,71.51,Pass
350,7,2024-01-24,73.35,Pass
350,8,2024-01-24,89.4,Pass
350,9,2024-01-24,41.49,Fail
350,10,2024-01-24,44.98,Fail
350,11,2024-01-24,43.93,Fail
350,12,2024-01-24,65.34,Pass
351,7,2024-01-24,51.57,Fail
351,8,2024-01-24,39.49,Fail
351,9,2024-01-24,71.86,Pass
351,10,2024-01-24,95.55,Pass
351,11,2024-01-24,73.68,Pass
351,12,2024-01-24,54.88,Fail
352,7,2024-01-24,,incomplete
352,8,2024-01-24,89.46,Pass
352,9,2024-01-24,,incomplete
352,10,2024-01-24,93.36,Pass
352,11,2024-01-24,50.46,Fail
352,12,2024-01-24,70.04,Pass
353,7,2024-01-24,88.67,Pass
353,8,2024-01-24,68.91,Pass
353,9,2024-01-24,53.66,Fail
353,10,2024-01-24,90.78,Pass
353,11,2024-01-24,76.77,Pass
353,12,2024-01-24,60.54,Fail
354,7,2024-01-24,58.75,Fail
354,8,2024-01-24,55.91,Fail
354,9,2024-01-24,41.3,Fail
354,10,2024-01-24,99.26,Pass
354,11,2024-01-24,93.87,Pass
354,12,2024-01-24,29.72,Fail
355,7,2024-01-24,,incomplete
355,8,2024-01-24,82.47,Pass
355,9,2024-01-24,91.34,Pass
355,10,2024-01-24,94.44,Pass
355,11,2024-01-24,94.28,Pass
355,12,2024-01-24,75.7,Pass
356,7,2024-01-24,,incomplete
356,8,2024-01-24,88.2,Pass
356,9,2024-01-24,75.76,Pass
356,10,2024-01-24,11.25,Fail
356,11,2024-01-24,78.43,Pass
356,12,2024-01-24,57.92,Fail
357,7,2024-01-24,81.25,Pass
357,8,2024-01-24,42.7,Fail
357,9,2024-01-24,72.83,Pass
357,10,2024-01-24,74,Pass
357,11,2024-01-24,51.3,Fail
357,12,2024-01-24,62.57,Fail
358,7,2024-01-24,68.3,Pass
358,8,2024-01-24,65.81,Pass
358,9,2024-01-24,75.68,Pass
358,10,2024-01-24,91.46,Pass
358,11,2024-01-24,83.79,Pass
358,12,2024-01-24,49.63,Fail
359,7,2024-01-24,17.73,Fail
359,8,2024-01-24,82.31,Pass
359,9,2024-01-24,48.02,Fail
359,10,2024-01-24,65.46,Pass
359,11,2024-01-24,80.04,Pass
359,12,2024-01-24,70.85,Pass
360,7,2024-01-24,67.49,Pass
360,8,2024-01-24,39.13,Fail
360,9,2024-01-24,67.48,Pass
360,10,2024-01-24,99.66,Pass
360,11,2024-01-24,71.44,Pass
360,12,2024-01-24,67.02,Pass
361,25,2024-01-24,47.79,Fail
361,26,2024-01-24,66,Pass
361,29,2024-01-24,83.69,Pass
361,30,2024-01-24,42.07,Fail
362,25,2024-01-24,65.62,Pass
362,26,2024-01-24,65.08,Pass
362,29,2024-01-24,61.53,Fail
362,30,2024-01-24,79.69,Pass
363,25,2024-01-24,93.9,Pass
363,26,2024-01-24,21.56,Fail
363,29,2024-01-24,93.66,Pass
363,30,2024-01-24,,incomplete
364,25,2024-01-24,49.83,Fail
364,26,2024-01-24,66.98,Pass
364,29,2024-01-24,51.75,Fail
364,30,2024-01-24,53.14,Fail
365,25,2024-01-24,62.87,Fail
365,26,2024-01-24,40.19,Fail
365,29,2024-01-24,52.87,Fail
365,30,2024-01-24,89.29,Pass
366,25,2024-01-24,31.71,Fail
366,26,2024-01-24,59.75,Fail
366,29,2024-01-24,53.03,Fail
366,30,2024-01-24,86.65,Pass
367,25,2024-01-24,95.88,Pass
367,26,2024-01-24,45.88,Fail
367,29,2024-01-24,56.41,Fail
367,30,2024-01-24,90.4,Pass
368,25,2024-01-24,51.12,Fail
368,26,2024-01-24,76.9,Pass
368,29,2024-01-24,76.75,Pass
368,30,2024-01-24,85.94,Pass
369,25,2024-01-24,73.97,Pass
369,26,2024-01-24,45.57,Fail
369,29,2024-01-24,92.34,Pass
369,30,2024-01-24,56.17,Fail
370,25,2024-01-24,56.07,Fail
370,26,2024-01-24,54.29,Fail
370,29,2024-01-24,87.58,Pass
370,30,2024-01-24,81.84,Pass
371,25,2024-01-24,,incomplete
371,26,2024-01-24,48.47,Fail
371,29,2024-01-24,76.92,Pass
371,30,2024-01-24,51.18,Fail
372,25,2024-01-24,68.4,Pass
372,26,2024-01-24,67.16,Pass
372,29,2024-01-24,76.13,Pass
372,30,2024-01-24,99.37,Pass
373,25,2024-01-24,93.37,Pass
373,26,2024-01-24,,incomplete
373,29,2024-01-24,71.23,Pass
373,30,2024-01-24,51.47,Fail
374,25,2024-01-24,60.32,Fail
374,26,2024-01-24,71.72,Pass
374,29,2024-01-24,57.95,Fail
374,30,2024-01-24,73.24,Pass
375,25,2024-01-24,86.73,Pass
375,26,2024-01-24,86.36,Pass
375,29,2024-01-24,,incomplete
375,30,2024-01-24,45.3,Fail
376,25,2024-01-24,52.65,Fail
376,26,2024-01-24,51.88,Fail
376,29,2024-01-24,79.05,Pass
376,30,2024-01-24,74.37,Pass
377,25,2024-01-24,73.62,Pass
377,26,2024-01-24,59.33,Fail
377,29,2024-01-24,77.82,Pass
377,30,2024-01-24,73.67,Pass
378,25,2024-01-24,37.97,Fail
378,26,2024-01-24,82.93,Pass
378,29,2024-01-24,,incomplete
378,30,2024-01-24,19.93,Fail
379,25,2024-01-24,68.3,Pass
379,26,2024-01-24,94.86,Pass
379,29,2024-01-24,73.51,Pass
379,30,2024-01-24,83.84,Pass
380,25,2024-01-24,91.83,Pass
380,26,2024-01-24,57.58,Fail
380,29,2024-01-24,97.56,Pass
380,30,2024-01-24,93.15,Pass
381,25,2024-01-24,50.22,Fail
381,26,2024-01-24,58.14,Fail
381,29,2024-01-24,84.93,Pass
381,30,2024-01-24,67.75,Pass
382,25,2024-01-24,64.99,Fail
382,26,2024-01-24,55.22,Fail
382,29,2024-01-24,52.46,Fail
382,30,2024-01-24,75.24,Pass
383,25,2024-01-24,82.9,Pass
383,26,2024-01-24,76.44,Pass
383,29,2024-01-24,94.5,Pass
383,30,2024-01-24,81.72,Pass
384,25,2024-01-24,73.98,Pass
384,26,2024-01-24,70.36,Pass
384,29,2024-01-24,78.93,Pass
384,30,2024-01-24,94.16,Pass
385,25,2024-01-24,,incomplete
385,26,2024-01-24,84.49,Pass
385,29,2024-01-24,71.67,Pass
385,30,2024-01-24,46.22,Fail
386,25,2024-01-24,93.48,Pass
386,26,2024-01-24,90.23,Pass
386,29,2024-01-24,53.75,Fail
386,30,2024-01-24,,incomplete
387,25,2024-01-24,51.37,Fail
387,26,2024-01-24,77.77,Pass
387,29,2024-01-24,19.56,Fail
387,30,2024-01-24,71.13,Pass
388,25,2024-01-24,24.22,Fail
388,26,2024-01-24,76.86,Pass
388,29,2024-01-24,47.17,Fail
388,30,2024-01-24,73.41,Pass
389,25,2024-01-24,87.89,Pass
389,26,2024-01-24,68.46,Pass
389,29,2024-01-24,90.82,Pass
389,30,2024-01-24,91.14,Pass
390,25,2024-01-24,,incomplete
390,26,2024-01-24,60.76,Fail
390,29,2024-01-24,79.49,Pass
390,30,2024-01-24,86.31,Pass
391,25,2024-01-24,,incomplete
391,26,2024-01-24,,incomplete
391,29,2024-01-24,63.71,Fail
391,30,2024-01-24,47.78,Fail
392,25,2024-01-24,90.77,Pass
392,26,2024-01-24,60.58,Fail
392,29,2024-01-24,81.95,Pass
392,30,2024-01-24,85.97,Pass
393,25,2024-01-24,80.84,Pass
393,26,2024-01-24,54.95,Fail
393,29,2024-01-24,61.5,Fail
393,30,2024-01-24,,incomplete
394,25,2024-01-24,86.07,Pass
394,26,2024-01-24,86.4,Pass
394,29,2024-01-24,99.94,Pass
394,30,2024-01-24,83.91,Pass
395,25,2024-01-24,44.43,Fail
395,26,2024-01-24,63.85,Fail
395,29,2024-01-24,46.19,Fail
395,30,2024-01-24,73.83,Pass
396,25,2024-01-24,92.66,Pass
396,26,2024-01-24,70.12,Pass
396,29,2024-01-24,74.75,Pass
396,30,2024-01-24,,incomplete
397,25,2024-01-24,,incomplete
397,26,2024-01-24,75.73,Pass
397,29,2024-01-24,79.04,Pass
397,30,2024-01-24,57.76,Fail
398,25,2024-01-24,69.09,Pass
398,26,2024-01-24,74.09,Pass
398,29,2024-01-24,55.38,Fail
398,30,2024-01-24,52.91,Fail
399,25,2024-01-24,34.02,Fail
399,26,2024-01-24,47.74,Fail
399,29,2024-01-24,63.21,Fail
399,30,2024-01-24,66.55,Pass
400,25,2024-01-24,77.49,Pass
400,26,2024-01-24,99.66,Pass
400,29,2024-01-24,28.17,Fail
400,30,2024-01-24,30.4,Fail
401,25,2024-01-24,58.08,Fail
401,26,2024-01-24,95.51,Pass
401,29,2024-01-24,65.79,Pass
401,30,2024-01-24,8.72,Fail
402,25,2024-01-24,54.72,Fail
402,26,2024-01-24,51.78,Fail
402,29,2024-01-24,44.97,Fail
402,30,2024-01-24,92.84,Pass
403,25,2024-01-24,42.98,Fail
403,26,2024-01-24,,incomplete
403,29,2024-01-24,,incomplete
403,30,2024-01-24,55.43,Fail
404,25,2024-01-24,91.87,Pass
404,26,2024-01-24,98.87,Pass
404,29,2024-01-24,58.07,Fail
404,30,2024-01-24,37.11,Fail
405,25,2024-01-24,64.97,Fail
405,26,2024-01-24,,incomplete
405,29,2024-01-24,46.88,Fail
405,30,2024-01-24,82.65,Pass
406,25,2024-01-24,28.53,Fail
406,26,2024-01-24,81.37,Pass
406,29,2024-01-24,51.82,Fail
406,30,2024-01-24,69.47,Pass
407,25,2024-01-24,99.52,Pass
407,26,2024-01-24,36.46,Fail
407,29,2024-01-24,85.52,Pass
407,30,2024-01-24,96.99,Pass
408,25,2024-01-24,9.66,Fail
408,26,2024-01-24,94.85,Pass
408,29,2024-01-24,74.31,Pass
408,30,2024-01-24,54.94,Fail
409,25,2024-01-24,,incomplete
409,26,2024-01-24,66.8,Pass
409,29,2024-01-24,63.19,Fail
409,30,2024-01-24,61.43,Fail
410,25,2024-01-24,78.21,Pass
410,26,2024-01-24,79.11,Pass
410,29,2024-01-24,78.43,Pass
410,30,2024-01-24,35.37,Fail
411,25,2024-01-24,65.84,Pass
411,26,2024-01-24,75.2,Pass
411,29,2024-01-24,87.94,Pass
411,30,2024-01-24,56.22,Fail
412,25,2024-01-24,67.28,Pass
412,26,2024-01-24,87.62,Pass
412,29,2024-01-24,67.57,Pass
412,30,2024-01-24,71.47,Pass
413,25,2024-01-24,71.1,Pass
413,26,2024-01-24,50.35,Fail
413,29,2024-01-24,,incomplete
413,30,2024-01-24,46.03,Fail
414,25,2024-01-24,59.15,Fail
414,26,2024-01-24,90.19,Pass
414,29,2024-01-24,91.57,Pass
414,30,2024-01-24,80.82,Pass
415,25,2024-01-24,91.11,Pass
415,26,2024-01-24,92.92,Pass
415,29,2024-01-24,70.09,Pass
415,30,2024-01-24,84.67,Pass
416,25,2024-01-24,88.45,Pass
416,26,2024-01-24,68.73,Pass
416,29,2024-01-24,78.66,Pass
416,30,2024-01-24,26.5,Fail
417,25,2024-01-24,11.76,Fail
417,26,2024-01-24,63.74,Fail
417,29,2024-01-24,88.22,Pass
417,30,2024-01-24,54.02,Fail
418,25,2024-01-24,61.33,Fail
418,26,2024-01-24,49.14,Fail
418,29,2024-01-24,94.21,Pass
418,30,2024-01-24,62.34,Fail
419,25,2024-01-24,59.92,Fail
419,26,2024-01-24,99.12,Pass
419,29,2024-01-24,46.11,Fail
419,30,2024-01-24,63.07,Fail
420,25,2024-01-24,70.25,Pass
420,26,2024-01-24,56.96,Fail
420,29,2024-01-24,,incomplete
420,30,2024-01-24,61.33,Fail
421,31,2024-01-24,51.26,Fail
421,32,2024-01-24,73.89,Pass
421,33,2024-01-24,56.97,Fail
421,34,2024-01-24,61,Fail
421,35,2024-01-24,,incomplete
421,36,2024-01-24,80.59,Pass
422,31,2024-01-24,70.43,Pass
422,32,2024-01-24,63.88,Fail
422,33,2024-01-24,68.71,Pass
422,34,2024-01-24,96.95,Pass
422,35,2024-01-24,71.08,Pass
422,36,2024-01-24,73.87,Pass
423,31,2024-01-24,83.45,Pass
423,32,2024-01-24,80.06,Pass
423,33,2024-01-24,84.39,Pass
423,34,2024-01-24,71.02,Pass
423,35,2024-01-24,62.13,Fail
423,36,2024-01-24,97.69,Pass
424,31,2024-01-24,91.11,Pass
424,32,2024-01-24,39.77,Fail
424,33,2024-01-24,86.5,Pass
424,34,2024-01-24,55.03,Fail
424,35,2024-01-24,53.9,Fail
424,36,2024-01-24,72.48,Pass
425,31,2024-01-24,69.49,Pass
425,32,2024-01-24,73.83,Pass
425,33,2024-01-24,31.21,Fail
425,34,2024-01-24,52.13,Fail
425,35,2024-01-24,36.55,Fail
425,36,2024-01-24,67.16,Pass
426,31,2024-01-24,91.27,Pass
426,32,2024-01-24,42.53,Fail
426,33,2024-01-24,70.21,Pass
426,34,2024-01-24,78.89,Pass
426,35,2024-01-24,87.02,Pass
426,36,2024-01-24,69.5,Pass
427,31,2024-01-24,47.48,Fail
427,32,2024-01-24,66.87,Pass
427,33,2024-01-24,96.42,Pass
427,34,2024-01-24,56.51,Fail
427,35,2024-01-24,64.41,Fail
427,36,2024-01-24,50.88,Fail
428,31,2024-01-24,,incomplete
428,32,2024-01-24,77.16,Pass
428,33,2024-01-24,74.09,Pass
428,34,2024-01-24,54.88,Fail
428,35,2024-01-24,,incomplete
428,36,2024-01-24,66.6,Pass
429,31,2024-01-24,,incomplete
429,32,2024-01-24,72.06,Pass
429,33,2024-01-24,90.1,Pass
429,34,2024-01-24,77.28,Pass
429,35,2024-01-24,55.5,Fail
429,36,2024-01-24,,incomplete
430,31,2024-01-24,70.73,Pass
430,32,2024-01-24,72.57,Pass
430,33,2024-01-24,58.66,Fail
430,34,2024-01-24,39.19,Fail
430,35,2024-01-24,95.2,Pass
430,36,2024-01-24,10.18,Fail
431,31,2024-01-24,97.74,Pass
431,32,2024-01-24,15.17,Fail
431,33,2024-01-24,,incomplete
431,34,2024-01-24,,incomplete
431,35,2024-01-24,85.42,Pass
431,36,2024-01-24,98.38,Pass
432,31,2024-01-24,15.06,Fail
432,32,2024-01-24,89.93,Pass
432,33,2024-01-24,38.67,Fail
432,34,2024-01-24,40.85,Fail
432,35,2024-01-24,93.36,Pass
432,36,2024-01-24,79.21,Pass
433,31,2024-01-24,68.7,Pass
433,32,2024-01-24,90.08,Pass
433,33,2024-01-24,29.54,Fail
433,34,2024-01-24,85.72,Pass
433,35,2024-01-24,78.37,Pass
433,36,2024-01-24,85.64,Pass
434,31,2024-01-24,51.47,Fail
434,32,2024-01-24,61.96,Fail
434,33,2024-01-24,93.94,Pass
434,34,2024-01-24,66.87,Pass
434,35,2024-01-24,,incomplete
434,36,2024-01-24,72.16,Pass
435,31,2024-01-24,77.84,Pass
435,32,2024-01-24,,incomplete
435,33,2024-01-24,65.37,Pass
435,34,2024-01-24,89.81,Pass
435,35,2024-01-24,58.71,Fail
435,36,2024-01-24,80.54,Pass
436,31,2024-01-24,81.33,Pass
436,32,2024-01-24,73.32,Pass
436,33,2024-01-24,70.06,Pass
436,34,2024-01-24,45.85,Fail
436,35,2024-01-24,30.39,Fail
436,36,2024-01-24,71.52,Pass
437,31,2024-01-24,55.04,Fail
437,32,2024-01-24,,incomplete
437,33,2024-01-24,49.09,Fail
437,34,2024-01-24,68.63,Pass
437,35,2024-01-24,64.59,Fail
437,36,2024-01-24,75.13,Pass
438,31,2024-01-24,63.77,Fail
438,32,2024-01-24,91.72,Pass
438,33,2024-01-24,72.48,Pass
438,34,2024-01-24,98.04,Pass
438,35,2024-01-24,36.14,Fail
438,36,2024-01-24,,incomplete
439,31,2024-01-24,55.43,Fail
439,32,2024-01-24,92.01,Pass
439,33,2024-01-24,69.75,Pass
439,34,2024-01-24,91.62,Pass
439,35,2024-01-24,65.96,Pass
439,36,2024-01-24,88.82,Pass
440,31,2024-01-24,91.44,Pass
440,32,2024-01-24,49.87,Fail
440,33,2024-01-24,50.4,Fail
440,34,2024-01-24,96.42,Pass
440,35,2024-01-24,91.77,Pass
440,36,2024-01-24,83.01,Pass
441,31,2024-01-24,81.67,Pass
441,32,2024-01-24,59.86,Fail
441,33,2024-01-24,79.09,Pass
441,34,2024-01-24,93.68,Pass
441,35,2024-01-24,33.13,Fail
441,36,2024-01-24,96.04,Pass
442,31,2024-01-24,83.63,Pass
442,32,2024-01-24,93.51,Pass
442,33,2024-01-24,81.59,Pass
442,34,2024-01-24,22.1,Fail
442,35,2024-01-24,78.71,Pass
442,36,2024-01-24,,incomplete
443,31,2024-01-24,63.95,Fail
443,32,2024-01-24,79.29,Pass
443,33,2024-01-24,70.73,Pass
443,34,2024-01-24,94.38,Pass
443,35,2024-01-24,32.5,Fail
443,36,2024-01-24,67.17,Pass
444,31,2024-01-24,70.02,Pass
444,32,2024-01-24,60.56,Fail
444,33,2024-01-24,50.48,Fail
444,34,2024-01-24,,incomplete
444,35,2024-01-24,51.12,Fail
444,36,2024-01-24,90.17,Pass
445,31,2024-01-24,60.15,Fail
445,32,2024-01-24,62.52,Fail
445,33,2024-01-24,78.06,Pass
445,34,2024-01-24,91.19,Pass
445,35,2024-01-24,90,Pass
445,36,2024-01-24,78.21,Pass
446,31,2024-01-24,22.3,Fail
446,32,2024-01-24,72.02,Pass
446,33,2024-01-24,56.61,Fail
446,34,2024-01-24,87.23,Pass
446,35,2024-01-24,38.05,Fail
446,36,2024-01-24,,incomplete
447,31,2024-01-24,74.18,Pass
447,32,2024-01-24,36.65,Fail
447,33,2024-01-24,30.84,Fail
447,34,2024-01-24,47.55,Fail
447,35,2024-01-24,95.65,Pass
447,36,2024-01-24,52.45,Fail
448,31,2024-01-24,76.39,Pass
448,32,2024-01-24,,incomplete
448,33,2024-01-24,98.22,Pass
448,34,2024-01-24,53.01,Fail
448,35,2024-01-24,79.96,Pass
448,36,2024-01-24,63.39,Fail
449,31,2024-01-24,80.29,Pass
449,32,2024-01-24,64.04,Fail
449,33,2024-01-24,,incomplete
449,34,2024-01-24,39.96,Fail
449,35,2024-01-24,66.76,Pass
449,36,2024-01-24,81.8,Pass
450,31,2024-01-24,93.82,Pass
450,32,2024-01-24,66.05,Pass
450,33,2024-01-24,58.2,Fail
450,34,2024-01-24,76.49,Pass
450,35,2024-01-24,63.91,Fail
450,36,2024-01-24,75.28,Pass
451,31,2024-01-24,62.59,Fail
451,32,2024-01-24,83.93,Pass
451,33,2024-01-24,,incomplete
451,34,2024-01-24,75.24,Pass
451,35,2024-01-24,55.7,Fail
451,36,2024-01-24,47.83,Fail
452,31,2024-01-24,96.34,Pass
452,32,2024-01-24,90.6,Pass
452,33,2024-01-24,87.13,Pass
452,34,2024-01-24,53.02,Fail
452,35,2024-01-24,76.15,Pass
452,36,2024-01-24,69.76,Pass
453,31,2024-01-24,97.37,Pass
453,32,2024-01-24,78.02,Pass
453,33,2024-01-24,64.82,Fail
453,34,2024-01-24,62.03,Fail
453,35,2024-01-24,71.3,Pass
453,36,2024-01-24,67.03,Pass
454,31,2024-01-24,50.14,Fail
454,32,2024-01-24,86.98,Pass
454,33,2024-01-24,82.17,Pass
454,34,2024-01-24,57.68,Fail
454,35,2024-01-24,86.77,Pass
454,36,2024-01-24,,incomplete
455,31,2024-01-24,91.21,Pass
455,32,2024-01-24,51.66,Fail
455,33,2024-01-24,74.92,Pass
455,34,2024-01-24,45.33,Fail
455,35,2024-01-24,,incomplete
455,36,2024-01-24,78.02,Pass
456,31,2024-01-24,67.41,Pass
456,32,2024-01-24,50.59,Fail
456,33,2024-01-24,98.62,Pass
456,34,2024-01-24,58.34,Fail
456,35,2024-01-24,62.24,Fail
456,36,2024-01-24,78.94,Pass
457,31,2024-01-24,59.44,Fail
457,32,2024-01-24,38.53,Fail
457,33,2024-01-24,96.19,Pass
457,34,2024-01-24,54.83,Fail
457,35,2024-01-24,84.43,Pass
457,36,2024-01-24,65.73,Pass
458,31,2024-01-24,81.08,Pass
458,32,2024-01-24,48.21,Fail
458,33,2024-01-24,71.01,Pass
458,34,2024-01-24,74.53,Pass
458,35,2024-01-24,61.59,Fail
458,36,2024-01-24,83.23,Pass
459,31,2024-01-24,,incomplete
459,32,2024-01-24,70.29,Pass
459,33,2024-01-24,26.73,Fail
459,34,2024-01-24,99.98,Pass
459,35,2024-01-24,78.09,Pass
459,36,2024-01-24,78.36,Pass
460,31,2024-01-24,68.42,Pass
460,32,2024-01-24,94.46,Pass
460,33,2024-01-24,73.03,Pass
460,34,2024-01-24,94.52,Pass
460,35,2024-01-24,85.89,Pass
460,36,2024-01-24,,incomplete
461,31,2024-01-24,4.6,Fail
461,32,2024-01-24,63.58,Fail
461,33,2024-01-24,21.22,Fail
461,34,2024-01-24,93.56,Pass
461,35,2024-01-24,66.8,Pass
461,36,2024-01-24,63.61,Fail
462,31,2024-01-24,80.08,Pass
462,32,2024-01-24,,incomplete
462,33,2024-01-24,50.89,Fail
462,34,2024-01-24,52.51,Fail
462,35,2024-01-24,35.2,Fail
462,36,2024-01-24,57.77,Fail
463,31,2024-01-24,60.93,Fail
463,32,2024-01-24,64.44,Fail
463,33,2024-01-24,48.82,Fail
463,34,2024-01-24,41.09,Fail
463,35,2024-01-24,98.65,Pass
463,36,2024-01-24,61.71,Fail
464,31,2024-01-24,46.08,Fail
464,32,2024-01-24,66.13,Pass
464,33,2024-01-24,45.03,Fail
464,34,2024-01-24,81.47,Pass
464,35,2024-01-24,41.56,Fail
464,36,2024-01-24,86.29,Pass
465,31,2024-01-24,59.48,Fail
465,32,2024-01-24,97.37,Pass
465,33,2024-01-24,98.42,Pass
465,34,2024-01-24,57.78,Fail
465,35,2024-01-24,62.78,Fail
465,36,2024-01-24,,incomplete
466,31,2024-01-24,94.39,Pass
466,32,2024-01-24,,incomplete
466,33,2024-01-24,92.84,Pass
466,34,2024-01-24,65.45,Pass
466,35,2024-01-24,74.39,Pass
466,36,2024-01-24,72.52,Pass
467,31,2024-01-24,92.63,Pass
467,32,2024-01-24,64.17,Fail
467,33,2024-01-24,93.79,Pass
467,34,2024-01-24,74.53,Pass
467,35,2024-01-24,38.65,Fail
467,36,2024-01-24,86.35,Pass
468,31,2024-01-24,,incomplete
468,32,2024-01-24,76.06,Pass
468,33,2024-01-24,67.29,Pass
468,34,2024-01-24,98.45,Pass
468,35,2024-01-24,,incomplete
468,36,2024-01-24,61.55,Fail
469,31,2024-01-24,74.38,Pass
469,32,2024-01-24,44.37,Fail
469,33,2024-01-24,59.04,Fail
469,34,2024-01-24,84.06,Pass
469,35,2024-01-24,75.87,Pass
469,36,2024-01-24,65.35,Pass
470,31,2024-01-24,77.21,Pass
470,32,2024-01-24,77.58,Pass
470,33,2024-01-24,74.87,Pass
470,34,2024-01-24,91.54,Pass
470,35,2024-01-24,65.14,Pass
470,36,2024-01-24,37.1,Fail
471,31,2024-01-24,70.52,Pass
471,32,2024-01-24,,incomplete
471,33,2024-01-24,51.06,Fail
471,34,2024-01-24,40.75,Fail
471,35,2024-01-24,,incomplete
471,36,2024-01-24,68.16,Pass
472,31,2024-01-24,,incomplete
472,32,2024-01-24,98.51,Pass
472,33,2024-01-24,51.06,Fail
472,34,2024-01-24,40.73,Fail
472,35,2024-01-24,,incomplete
472,36,2024-01-24,89.77,Pass
473,31,2024-01-24,96.52,Pass
473,32,2024-01-24,60.78,Fail
473,33,2024-01-24,52.75,Fail
473,34,2024-01-24,36.71,Fail
473,35,2024-01-24,65.42,Pass
473,36,2024-01-24,68.98,Pass
474,31,2024-01-24,59.03,Fail
474,32,2024-01-24,,incomplete
474,33,2024-01-24,87.68,Pass
474,34,2024-01-24,91.05,Pass
474,35,2024-01-24,98.06,Pass
474,36,2024-01-24,69.29,Pass
475,31,2024-01-24,88.8,Pass
475,32,2024-01-24,59.25,Fail
475,33,2024-01-24,2.78,Fail
475,34,2024-01-24,64.66,Fail
475,35,2024-01-24,79.54,Pass
475,36,2024-01-24,93.56,Pass
476,31,2024-01-24,46.82,Fail
476,32,2024-01-24,81.99,Pass
476,33,2024-01-24,89.14,Pass
476,34,2024-01-24,89.35,Pass
476,35,2024-01-24,94.66,Pass
476,36,2024-01-24,30.28,Fail
477,31,2024-01-24,97.05,Pass
477,32,2024-01-24,88.21,Pass
477,33,2024-01-24,,incomplete
477,34,2024-01-24,,incomplete
477,35,2024-01-24,90.83,Pass
477,36,2024-01-24,53.35,Fail
478,31,2024-01-24,78.78,Pass
478,32,2024-01-24,88.66,Pass
478,33,2024-01-24,47.36,Fail
478,34,2024-01-24,50.67,Fail
478,35,2024-01-24,76.29,Pass
478,36,2024-01-24,78.23,Pass
479,31,2024-01-24,83.25,Pass
479,32,2024-01-24,71.84,Pass
479,33,2024-01-24,57.02,Fail
479,34,2024-01-24,49.36,Fail
479,35,2024-01-24,87.13,Pass
479,36,2024-01-24,76.25,Pass
480,31,2024-01-24,,incomplete
480,32,2024-01-24,98.95,Pass
480,33,2024-01-24,59.67,Fail
480,34,2024-01-24,68.85,Pass
480,35,2024-01-24,75.71,Pass
480,36,2024-01-24,81.02,Pass
481,38,2024-01-24,59.63,Fail
481,39,2024-01-24,88.72,Pass
481,40,2024-01-24,98.08,Pass
481,41,2024-01-24,80.32,Pass
481,42,2024-01-24,35.61,Fail
481,43,2024-01-24,,incomplete
482,38,2024-01-24,57.14,Fail
482,39,2024-01-24,,incomplete
482,40,2024-01-24,79.08,Pass
482,41,2024-01-24,85.53,Pass
482,42,2024-01-24,19.21,Fail
482,43,2024-01-24,91.54,Pass
483,38,2024-01-24,80.09,Pass
483,39,2024-01-24,73.48,Pass
483,40,2024-01-24,41.33,Fail
483,41,2024-01-24,16.82,Fail
483,42,2024-01-24,93.66,Pass
483,43,2024-01-24,83.6,Pass
484,38,2024-01-24,45.83,Fail
484,39,2024-01-24,,incomplete
484,40,2024-01-24,70.55,Pass
484,41,2024-01-24,44.88,Fail
484,42,2024-01-24,54.8,Fail
484,43,2024-01-24,67.25,Pass
485,38,2024-01-24,77.42,Pass
485,39,2024-01-24,68.54,Pass
485,40,2024-01-24,92.48,Pass
485,41,2024-01-24,72.22,Pass
485,42,2024-01-24,,incomplete
485,43,2024-01-24,37.76,Fail
486,38,2024-01-24,,incomplete
486,39,2024-01-24,61.68,Fail
486,40,2024-01-24,60.22,Fail
486,41,2024-01-24,57.73,Fail
486,42,2024-01-24,57.44,Fail
486,43,2024-01-24,88.93,Pass
487,38,2024-01-24,56.89,Fail
487,39,2024-01-24,43.72,Fail
487,40,2024-01-24,49.32,Fail
487,41,2024-01-24,67.79,Pass
487,42,2024-01-24,86.3,Pass
487,43,2024-01-24,88.08,Pass
488,38,2024-01-24,98.35,Pass
488,39,2024-01-24,71.74,Pass
488,40,2024-01-24,79.4,Pass
488,41,2024-01-24,37.13,Fail
488,42,2024-01-24,65.75,Pass
488,43,2024-01-24,11.44,Fail
489,38,2024-01-24,64.73,Fail
489,39,2024-01-24,85.77,Pass
489,40,2024-01-24,,incomplete
489,41,2024-01-24,59.9,Fail
489,42,2024-01-24,49.91,Fail
489,43,2024-01-24,,incomplete
490,38,2024-01-24,57.3,Fail
490,39,2024-01-24,81.68,Pass
490,40,2024-01-24,65.42,Pass
490,41,2024-01-24,,incomplete
490,42,2024-01-24,,incomplete
490,43,2024-01-24,93.08,Pass
491,38,2024-01-24,89.56,Pass
491,39,2024-01-24,55.32,Fail
491,40,2024-01-24,76.05,Pass
491,41,2024-01-24,,incomplete
491,42,2024-01-24,50.11,Fail
491,43,2024-01-24,47.67,Fail
492,38,2024-01-24,65.48,Pass
492,39,2024-01-24,60.31,Fail
492,40,2024-01-24,23.83,Fail
492,41,2024-01-24,73.49,Pass
492,42,2024-01-24,56.42,Fail
492,43,2024-01-24,68.14,Pass
493,38,2024-01-24,73.93,Pass
493,39,2024-01-24,84.07,Pass
493,40,2024-01-24,69.17,Pass
493,41,2024-01-24,86.07,Pass
493,42,2024-01-24,36.23,Fail
493,43,2024-01-24,23.95,Fail
494,38,2024-01-24,96.52,Pass
494,39,2024-01-24,,incomplete
494,40,2024-01-24,95.61,Pass
494,41,2024-01-24,73.32,Pass
494,42,2024-01-24,31.42,Fail
494,43,2024-01-24,27.23,Fail
495,38,2024-01-24,,incomplete
495,39,2024-01-24,39.42,Fail
495,40,2024-01-24,39.05,Fail
495,41,2024-01-24,94.01,Pass
495,42,2024-01-24,36.66,Fail
495,43,2024-01-24,81.82,Pass
496,38,2024-01-24,70.73,Pass
496,39,2024-01-24,91.89,Pass
496,40,2024-01-24,9.09,Fail
496,41,2024-01-24,38.28,Fail
496,42,2024-01-24,78.05,Pass
496,43,2024-01-24,80.19,Pass
497,38,2024-01-24,43.46,Fail
497,39,2024-01-24,,incomplete
497,40,2024-01-24,48.33,Fail
497,41,2024-01-24,91.93,Pass
497,42,2024-01-24,,incomplete
497,43,2024-01-24,,incomplete
498,38,2024-01-24,72.7,Pass
498,39,2024-01-24,54.59,Fail
498,40,2024-01-24,67.37,Pass
498,41,2024-01-24,,incomplete
498,42,2024-01-24,86.13,Pass
498,43,2024-01-24,44.66,Fail
499,38,2024-01-24,83.84,Pass
499,39,2024-01-24,81.45,Pass
499,40,2024-01-24,90.53,Pass
499,41,2024-01-24,53.37,Fail
499,42,2024-01-24,84.02,Pass
499,43,2024-01-24,86.87,Pass
500,38,2024-01-24,87.47,Pass
500,39,2024-01-24,42.51,Fail
500,40,2024-01-24,85.63,Pass
500,41,2024-01-24,,incomplete
500,42,2024-01-24,56.25,Fail
500,43,2024-01-24,66.94,Pass
501,38,2024-01-24,69.8,Pass
501,39,2024-01-24,80.26,Pass
501,40,2024-01-24,74.9,Pass
501,41,2024-01-24,90.9,Pass
501,42,2024-01-24,61.83,Fail
501,43,2024-01-24,70.87,Pass
502,38,2024-01-24,95.69,Pass
502,39,2024-01-24,46.2,Fail
502,40,2024-01-24,,incomplete
502,41,2024-01-24,75.26,Pass
502,42,2024-01-24,11.78,Fail
502,43,2024-01-24,80.27,Pass
503,38,2024-01-24,,incomplete
503,39,2024-01-24,66.15,Pass
503,40,2024-01-24,76.56,Pass
503,41,2024-01-24,48.41,Fail
503,42,2024-01-24,71.86,Pass
503,43,2024-01-24,41.39,Fail
504,38,2024-01-24,35.18,Fail
504,39,2024-01-24,89.95,Pass
504,40,2024-01-24,16.09,Fail
504,41,2024-01-24,71.58,Pass
504,42,2024-01-24,75.24,Pass
504,43,2024-01-24,83.02,Pass
505,38,2024-01-24,52.28,Fail
505,39,2024-01-24,52.59,Fail
505,40,2024-01-24,62.61,Fail
505,41,2024-01-24,61.66,Fail
505,42,2024-01-24,83.71,Pass
505,43,2024-01-24,66.95,Pass
506,38,2024-01-24,89.37,Pass
506,39,2024-01-24,52.25,Fail
506,40,2024-01-24,74.71,Pass
506,41,2024-01-24,94.97,Pass
506,42,2024-01-24,88.3,Pass
506,43,2024-01-24,50.24,Fail
507,38,2024-01-24,97.16,Pass
507,39,2024-01-24,32.62,Fail
507,40,2024-01-24,79.29,Pass
507,41,2024-01-24,52.45,Fail
507,42,2024-01-24,70.98,Pass
507,43,2024-01-24,91.53,Pass
508,38,2024-01-24,54.01,Fail
508,39,2024-01-24,59.32,Fail
508,40,2024-01-24,81.41,Pass
508,41,2024-01-24,85.01,Pass
508,42,2024-01-24,71.38,Pass
508,43,2024-01-24,76.81,Pass
509,38,2024-01-24,63.08,Fail
509,39,2024-01-24,62.94,Fail
509,40,2024-01-24,59.96,Fail
509,41,2024-01-24,23.22,Fail
509,42,2024-01-24,84.98,Pass
509,43,2024-01-24,77.16,Pass
510,38,2024-01-24,80.78,Pass
510,39,2024-01-24,81.99,Pass
510,40,2024-01-24,74.54,Pass
510,41,2024-01-24,,incomplete
510,42,2024-01-24,18.51,Fail
510,43,2024-01-24,87.17,Pass
511,38,2024-01-24,58.81,Fail
511,39,2024-01-24,49.04,Fail
511,40,2024-01-24,29.8,Fail
511,41,2024-01-24,45.69,Fail
511,42,2024-01-24,82.6,Pass
511,43,2024-01-24,66.27,Pass
512,38,2024-01-24,83.41,Pass
512,39,2024-01-24,28.37,Fail
512,40,2024-01-24,67.62,Pass
512,41,2024-01-24,73.24,Pass
512,42,2024-01-24,,incomplete
512,43,2024-01-24,63.13,Fail
513,38,2024-01-24,54.98,Fail
513,39,2024-01-24,58.82,Fail
513,40,2024-01-24,,incomplete
513,41,2024-01-24,82.99,Pass
513,42,2024-01-24,78.6,Pass
513,43,2024-01-24,82.84,Pass
514,38,2024-01-24,96.37,Pass
514,39,2024-01-24,72.21,Pass
514,40,2024-01-24,50.55,Fail
514,41,2024-01-24,,incomplete
514,42,2024-01-24,88.19,Pass
514,43,2024-01-24,81.14,Pass
515,38,2024-01-24,85.57,Pass
515,39,2024-01-24,62.61,Fail
515,40,2024-01-24,93.01,Pass
515,41,2024-01-24,70.33,Pass
515,42,2024-01-24,57.16,Fail
515,43,2024-01-24,72.88,Pass
516,38,2024-01-24,94.64,Pass
516,39,2024-01-24,84.04,Pass
516,40,2024-01-24,77.54,Pass
516,41,2024-01-24,83.68,Pass
516,42,2024-01-24,98.67,Pass
516,43,2024-01-24,56.31,Fail
517,38,2024-01-24,81.51,Pass
517,39,2024-01-24,96.62,Pass
517,40,2024-01-24,91.54,Pass
517,41,2024-01-24,74.73,Pass
517,42,2024-01-24,66.39,Pass
517,43,2024-01-24,99.62,Pass
518,38,2024-01-24,47.85,Fail
518,39,2024-01-24,51.62,Fail
518,40,2024-01-24,53.9,Fail
518,41,2024-01-24,50.84,Fail
518,42,2024-01-24,40.09,Fail
518,43,2024-01-24,57.95,Fail
519,38,2024-01-24,59.37,Fail
519,39,2024-01-24,83.78,Pass
519,40,2024-01-24,52.46,Fail
519,41,2024-01-24,32.56,Fail
519,42,2024-01-24,95.92,Pass
519,43,2024-01-24,94.38,Pass
520,38,2024-01-24,81.06,Pass
520,39,2024-01-24,89.61,Pass
520,40,2024-01-24,73.64,Pass
520,41,2024-01-24,66.51,Pass
520,42,2024-01-24,72.81,Pass
520,43,2024-01-24,,incomplete
521,45,2024-01-24,,incomplete
521,46,2024-01-24,64.92,Fail
521,47,2024-01-24,72.35,Pass
521,48,2024-01-24,41.68,Fail
521,49,2024-01-24,77.15,Pass
521,50,2024-01-24,,incomplete
522,45,2024-01-24,,incomplete
522,46,2024-01-24,73.11,Pass
522,47,2024-01-24,56.92,Fail
522,48,2024-01-24,,incomplete
522,49,2024-01-24,69.83,Pass
522,50,2024-01-24,84.59,Pass
523,45,2024-01-24,,incomplete
523,46,2024-01-24,39.73,Fail
523,47,2024-01-24,35.1,Fail
523,48,2024-01-24,70.49,Pass
523,49,2024-01-24,31.63,Fail
523,50,2024-01-24,87.36,Pass
524,45,2024-01-24,77.69,Pass
524,46,2024-01-24,81.65,Pass
524,47,2024-01-24,39.84,Fail
524,48,2024-01-24,,incomplete
524,49,2024-01-24,59.36,Fail
524,50,2024-01-24,84.77,Pass
525,45,2024-01-24,68.16,Pass
525,46,2024-01-24,70.27,Pass
525,47,2024-01-24,96.36,Pass
525,48,2024-01-24,87.81,Pass
525,49,2024-01-24,84.63,Pass
525,50,2024-01-24,72.4,Pass
526,45,2024-01-24,,incomplete
526,46,2024-01-24,71.83,Pass
526,47,2024-01-24,66.1,Pass
526,48,2024-01-24,37.12,Fail
526,49,2024-01-24,66.11,Pass
526,50,2024-01-24,74.75,Pass
527,45,2024-01-24,80.58,Pass
527,46,2024-01-24,55.01,Fail
527,47,2024-01-24,53.13,Fail
527,48,2024-01-24,63,Fail
527,49,2024-01-24,71.97,Pass
527,50,2024-01-24,,incomplete
528,45,2024-01-24,87.99,Pass
528,46,2024-01-24,97.18,Pass
528,47,2024-01-24,52.31,Fail
528,48,2024-01-24,81.05,Pass
528,49,2024-01-24,52.69,Fail
528,50,2024-01-24,36.14,Fail
529,45,2024-01-24,20.56,Fail
529,46,2024-01-24,86.81,Pass
529,47,2024-01-24,,incomplete
529,48,2024-01-24,69.65,Pass
529,49,2024-01-24,69.41,Pass
529,50,2024-01-24,63.12,Fail
530,45,2024-01-24,,incomplete
530,46,2024-01-24,88.7,Pass
530,47,2024-01-24,95.6,Pass
530,48,2024-01-24,92,Pass
530,49,2024-01-24,38.5,Fail
530,50,2024-01-24,42.98,Fail
531,45,2024-01-24,58.88,Fail
531,46,2024-01-24,75.21,Pass
531,47,2024-01-24,79.96,Pass
531,48,2024-01-24,97.12,Pass
531,49,2024-01-24,67.65,Pass
531,50,2024-01-24,26.27,Fail
532,45,2024-01-24,67.89,Pass
532,46,2024-01-24,62.99,Fail
532,47,2024-01-24,58.22,Fail
532,48,2024-01-24,72.25,Pass
532,49,2024-01-24,87.45,Pass
532,50,2024-01-24,74.47,Pass
533,45,2024-01-24,76.25,Pass
533,46,2024-01-24,54.63,Fail
533,47,2024-01-24,61.41,Fail
533,48,2024-01-24,70.91,Pass
533,49,2024-01-24,43.14,Fail
533,50,2024-01-24,39.07,Fail
534,45,2024-01-24,64.68,Fail
534,46,2024-01-24,71.29,Pass
534,47,2024-01-24,69.19,Pass
534,48,2024-01-24,57.98,Fail
534,49,2024-01-24,66.59,Pass
534,50,2024-01-24,,incomplete
535,45,2024-01-24,63.48,Fail
535,46,2024-01-24,42.61,Fail
535,47,2024-01-24,67.01,Pass
535,48,2024-01-24,86.52,Pass
535,49,2024-01-24,92.15,Pass
535,50,2024-01-24,61.55,Fail
536,45,2024-01-24,68.78,Pass
536,46,2024-01-24,91.19,Pass
536,47,2024-01-24,,incomplete
536,48,2024-01-24,91.81,Pass
536,49,2024-01-24,81.21,Pass
536,50,2024-01-24,91.63,Pass
537,45,2024-01-24,48.58,Fail
537,46,2024-01-24,87.66,Pass
537,47,2024-01-24,,incomplete
537,48,2024-01-24,57.88,Fail
537,49,2024-01-24,58.56,Fail
537,50,2024-01-24,76.93,Pass
538,45,2024-01-24,77.81,Pass
538,46,2024-01-24,30.67,Fail
538,47,2024-01-24,71.37,Pass
538,48,2024-01-24,99.05,Pass
538,49,2024-01-24,56.45,Fail
538,50,2024-01-24,64.57,Fail
539,45,2024-01-24,93.42,Pass
539,46,2024-01-24,70.42,Pass
539,47,2024-01-24,61.63,Fail
539,48,2024-01-24,63.39,Fail
539,49,2024-01-24,78.55,Pass
539,50,2024-01-24,,incomplete
540,45,2024-01-24,52.84,Fail
540,46,2024-01-24,35.88,Fail
540,47,2024-01-24,51.91,Fail
540,48,2024-01-24,47.54,Fail
540,49,2024-01-24,73.8,Pass
540,50,2024-01-24,80.29,Pass
541,45,2024-01-24,6.48,Fail
541,46,2024-01-24,55.02,Fail
541,47,2024-01-24,64.84,Fail
541,48,2024-01-24,38.17,Fail
541,49,2024-01-24,74.7,Pass
541,50,2024-01-24,,incomplete
542,45,2024-01-24,68.41,Pass
542,46,2024-01-24,59.53,Fail
542,47,2024-01-24,97.56,Pass
542,48,2024-01-24,70.89,Pass
542,49,2024-01-24,29.89,Fail
542,50,2024-01-24,74.05,Pass
543,45,2024-01-24,91.17,Pass
543,46,2024-01-24,74.72,Pass
543,47,2024-01-24,50.49,Fail
543,48,2024-01-24,85.63,Pass
543,49,2024-01-24,89.79,Pass
543,50,2024-01-24,85.9,Pass
544,45,2024-01-24,58.66,Fail
544,46,2024-01-24,64.85,Fail
544,47,2024-01-24,,incomplete
544,48,2024-01-24,98.53,Pass
544,49,2024-01-24,65.76,Pass
544,50,2024-01-24,87.27,Pass
545,45,2024-01-24,92.19,Pass
545,46,2024-01-24,89.84,Pass
545,47,2024-01-24,80.82,Pass
545,48,2024-01-24,48.3,Fail
545,49,2024-01-24,57.11,Fail
545,50,2024-01-24,82.52,Pass
546,45,2024-01-24,72.59,Pass
546,46,2024-01-24,,incomplete
546,47,2024-01-24,84.98,Pass
546,48,2024-01-24,61.06,Fail
546,49,2024-01-24,87.58,Pass
546,50,2024-01-24,97.92,Pass
547,45,2024-01-24,32.9,Fail
547,46,2024-01-24,72.03,Pass
547,47,2024-01-24,58.7,Fail
547,48,2024-01-24,78.63,Pass
547,49,2024-01-24,67.97,Pass
547,50,2024-01-24,90.9,Pass
548,45,2024-01-24,82.37,Pass
548,46,2024-01-24,51.45,Fail
548,47,2024-01-24,98.81,Pass
548,48,2024-01-24,85.85,Pass
548,49,2024-01-24,42.17,Fail
548,50,2024-01-24,81.25,Pass
549,45,2024-01-24,46.75,Fail
549,46,2024-01-24,82.19,Pass
549,47,2024-01-24,90.67,Pass
549,48,2024-01-24,71.58,Pass
549,49,2024-01-24,68.02,Pass
549,50,2024-01-24,68.13,Pass
550,45,2024-01-24,70.1,Pass
550,46,2024-01-24,,incomplete
550,47,2024-01-24,79.87,Pass
550,48,2024-01-24,77.68,Pass
550,49,2024-01-24,95.32,Pass
550,50,2024-01-24,62.44,Fail
551,45,2024-01-24,89.77,Pass
551,46,2024-01-24,70.57,Pass
551,47,2024-01-24,67.66,Pass
551,48,2024-01-24,87.06,Pass
551,49,2024-01-24,46.13,Fail
551,50,2024-01-24,,incomplete
552,45,2024-01-24,87.32,Pass
552,46,2024-01-24,80.48,Pass
552,47,2024-01-24,92.51,Pass
552,48,2024-01-24,60.63,Fail
552,49,2024-01-24,49.67,Fail
552,50,2024-01-24,82.04,Pass
553,45,2024-01-24,31.86,Fail
553,46,2024-01-24,53.99,Fail
553,47,2024-01-24,65.42,Pass
553,48,2024-01-24,79.19,Pass
553,49,2024-01-24,72.52,Pass
553,50,2024-01-24,88.19,Pass
554,45,2024-01-24,41.06,Fail
554,46,2024-01-24,68.99,Pass
554,47,2024-01-24,,incomplete
554,48,2024-01-24,68.17,Pass
554,49,2024-01-24,,incomplete
554,50,2024-01-24,95.72,Pass
555,45,2024-01-24,40.64,Fail
555,46,2024-01-24,47.27,Fail
555,47,2024-01-24,73.58,Pass
555,48,2024-01-24,,incomplete
555,49,2024-01-24,86.94,Pass
555,50,2024-01-24,69.83,Pass
556,45,2024-01-24,71.89,Pass
556,46,2024-01-24,45.14,Fail
556,47,2024-01-24,92.02,Pass
556,48,2024-01-24,69.94,Pass
556,49,2024-01-24,21.54,Fail
556,50,2024-01-24,78.16,Pass
557,45,2024-01-24,89.9,Pass
557,46,2024-01-24,90.44,Pass
557,47,2024-01-24,38.2,Fail
557,48,2024-01-24,57.64,Fail
557,49,2024-01-24,91.13,Pass
557,50,2024-01-24,85.11,Pass
558,45,2024-01-24,74.73,Pass
558,46,2024-01-24,77.95,Pass
558,47,2024-01-24,,incomplete
558,48,2024-01-24,60.14,Fail
558,49,2024-01-24,,incomplete
558,50,2024-01-24,98.27,Pass
559,45,2024-01-24,69.86,Pass
559,46,2024-01-24,79.92,Pass
559,47,2024-01-24,60.52,Fail
559,48,2024-01-24,,incomplete
559,49,2024-01-24,73.34,Pass
559,50,2024-01-24,67.16,Pass
560,45,2024-01-24,48.63,Fail
560,46,2024-01-24,,incomplete
560,47,2024-01-24,96.09,Pass
560,48,2024-01-24,78.3,Pass
560,49,2024-01-24,88.08,Pass
560,50,2024-01-24,87.92,Pass
561,52,2024-01-24,60.96,Fail
561,53,2024-01-24,64.57,Fail
561,54,2024-01-24,52.49,Fail
561,55,2024-01-24,59.86,Fail
561,56,2024-01-24,56.25,Fail
561,57,2024-01-24,47.68,Fail
562,52,2024-01-24,80.44,Pass
562,53,2024-01-24,81.04,Pass
562,54,2024-01-24,77.8,Pass
562,55,2024-01-24,53.55,Fail
562,56,2024-01-24,96.29,Pass
562,57,2024-01-24,58.24,Fail
563,52,2024-01-24,56.41,Fail
563,53,2024-01-24,97.81,Pass
563,54,2024-01-24,88.97,Pass
563,55,2024-01-24,53.69,Fail
563,56,2024-01-24,82.26,Pass
563,57,2024-01-24,69.84,Pass
564,52,2024-01-24,81.59,Pass
564,53,2024-01-24,88.1,Pass
564,54,2024-01-24,56.01,Fail
564,55,2024-01-24,28.04,Fail
564,56,2024-01-24,48.04,Fail
564,57,2024-01-24,89.45,Pass
565,52,2024-01-24,84.34,Pass
565,53,2024-01-24,59.47,Fail
565,54,2024-01-24,40.5,Fail
565,55,2024-01-24,91.63,Pass
565,56,2024-01-24,92.05,Pass
565,57,2024-01-24,59.81,Fail
566,52,2024-01-24,,incomplete
566,53,2024-01-24,,incomplete
566,54,2024-01-24,61.47,Fail
566,55,2024-01-24,92.92,Pass
566,56,2024-01-24,76.55,Pass
566,57,2024-01-24,68.57,Pass
567,52,2024-01-24,72.87,Pass
567,53,2024-01-24,29.27,Fail
567,54,2024-01-24,45.72,Fail
567,55,2024-01-24,68.04,Pass
567,56,2024-01-24,28.62,Fail
567,57,2024-01-24,,incomplete
568,52,2024-01-24,60.63,Fail
568,53,2024-01-24,52.8,Fail
568,54,2024-01-24,46.46,Fail
568,55,2024-01-24,28.31,Fail
568,56,2024-01-24,97.74,Pass
568,57,2024-01-24,98.88,Pass
569,52,2024-01-24,90.43,Pass
569,53,2024-01-24,21.56,Fail
569,54,2024-01-24,71.38,Pass
569,55,2024-01-24,88.22,Pass
569,56,2024-01-24,60.22,Fail
569,57,2024-01-24,,incomplete
570,52,2024-01-24,48.54,Fail
570,53,2024-01-24,76.87,Pass
570,54,2024-01-24,,incomplete
570,55,2024-01-24,58.03,Fail
570,56,2024-01-24,,incomplete
570,57,2024-01-24,64.39,Fail
571,52,2024-01-24,54.25,Fail
571,53,2024-01-24,88.28,Pass
571,54,2024-01-24,75.05,Pass
571,55,2024-01-24,47.16,Fail
571,56,2024-01-24,66.57,Pass
571,57,2024-01-24,81.21,Pass
572,52,2024-01-24,76.42,Pass
572,53,2024-01-24,,incomplete
572,54,2024-01-24,58.98,Fail
572,55,2024-01-24,67.91,Pass
572,56,2024-01-24,,incomplete
572,57,2024-01-24,13.07,Fail
573,52,2024-01-24,,incomplete
573,53,2024-01-24,76.43,Pass
573,54,2024-01-24,99.34,Pass
573,55,2024-01-24,52.73,Fail
573,56,2024-01-24,57.88,Fail
573,57,2024-01-24,93.06,Pass
574,52,2024-01-24,81.33,Pass
574,53,2024-01-24,83.45,Pass
574,54,2024-01-24,75.33,Pass
574,55,2024-01-24,60.13,Fail
574,56,2024-01-24,49.98,Fail
574,57,2024-01-24,,incomplete
575,52,2024-01-24,,incomplete
575,53,2024-01-24,86.5,Pass
575,54,2024-01-24,84.05,Pass
575,55,2024-01-24,79.97,Pass
575,56,2024-01-24,79.21,Pass
575,57,2024-01-24,69,Pass
576,52,2024-01-24,41.13,Fail
576,53,2024-01-24,58.01,Fail
576,54,2024-01-24,79.55,Pass
576,55,2024-01-24,18.18,Fail
576,56,2024-01-24,,incomplete
576,57,2024-01-24,76.23,Pass
577,52,2024-01-24,80.03,Pass
577,53,2024-01-24,72.65,Pass
577,54,2024-01-24,66.12,Pass
577,55,2024-01-24,64.91,Fail
577,56,2024-01-24,42.88,Fail
577,57,2024-01-24,,incomplete
578,52,2024-01-24,92.04,Pass
578,53,2024-01-24,82.47,Pass
578,54,2024-01-24,53.69,Fail
578,55,2024-01-24,,incomplete
578,56,2024-01-24,55.54,Fail
578,57,2024-01-24,,incomplete
579,52,2024-01-24,39.51,Fail
579,53,2024-01-24,75.68,Pass
579,54,2024-01-24,62.39,Fail
579,55,2024-01-24,74.69,Pass
579,56,2024-01-24,67.72,Pass
579,57,2024-01-24,92.87,Pass
580,52,2024-01-24,79.87,Pass
580,53,2024-01-24,,incomplete
580,54,2024-01-24,31.76,Fail
580,55,2024-01-24,10.94,Fail
580,56,2024-01-24,58.31,Fail
580,57,2024-01-24,45.42,Fail
581,52,2024-01-24,93.28,Pass
581,53,2024-01-24,66.91,Pass
581,54,2024-01-24,73.71,Pass
581,55,2024-01-24,58.45,Fail
581,56,2024-01-24,45.9,Fail
581,57,2024-01-24,36.59,Fail
582,52,2024-01-24,96.61,Pass
582,53,2024-01-24,86.61,Pass
582,54,2024-01-24,71.76,Pass
582,55,2024-01-24,59.05,Fail
582,56,2024-01-24,54.44,Fail
582,57,2024-01-24,87.18,Pass
583,52,2024-01-24,79.54,Pass
583,53,2024-01-24,66.48,Pass
583,54,2024-01-24,94.07,Pass
583,55,2024-01-24,78.64,Pass
583,56,2024-01-24,71.01,Pass
583,57,2024-01-24,76.03,Pass
584,52,2024-01-24,,incomplete
584,53,2024-01-24,74.79,Pass
584,54,2024-01-24,74.11,Pass
584,55,2024-01-24,76.35,Pass
584,56,2024-01-24,52.73,Fail
584,57,2024-01-24,69.28,Pass
585,52,2024-01-24,,incomplete
585,53,2024-01-24,66.82,Pass
585,54,2024-01-24,94.97,Pass
585,55,2024-01-24,67.64,Pass
585,56,2024-01-24,89.17,Pass
585,57,2024-01-24,73.39,Pass
586,52,2024-01-24,75.13,Pass
586,53,2024-01-24,49.48,Fail
586,54,2024-01-24,68.8,Pass
586,55,2024-01-24,33.46,Fail
586,56,2024-01-24,68.8,Pass
586,57,2024-01-24,85.76,Pass
587,52,2024-01-24,47.86,Fail
587,53,2024-01-24,71.99,Pass
587,54,2024-01-24,48.08,Fail
587,55,2024-01-24,74.09,Pass
587,56,2024-01-24,64.97,Fail
587,57,2024-01-24,62.47,Fail
588,52,2024-01-24,54.47,Fail
588,53,2024-01-24,,incomplete
588,54,2024-01-24,48.37,Fail
588,55,2024-01-24,82.24,Pass
588,56,2024-01-24,86.56,Pass
588,57,2024-01-24,86.79,Pass
589,52,2024-01-24,65.85,Pass
589,53,2024-01-24,88.12,Pass
589,54,2024-01-24,66.95,Pass
589,55,2024-01-24,72.86,Pass
589,56,2024-01-24,93.84,Pass
589,57,2024-01-24,60.62,Fail
590,52,2024-01-24,66.96,Pass
590,53,2024-01-24,88.08,Pass
590,54,2024-01-24,80.65,Pass
590,55,2024-01-24,64.95,Fail
590,56,2024-01-24,71.16,Pass
590,57,2024-01-24,48.78,Fail
591,52,2024-01-24,,incomplete
591,53,2024-01-24,50.85,Fail
591,54,2024-01-24,86.29,Pass
591,55,2024-01-24,84.19,Pass
591,56,2024-01-24,93.49,Pass
591,57,2024-01-24,,incomplete
592,52,2024-01-24,,incomplete
592,53,2024-01-24,63.24,Fail
592,54,2024-01-24,42.81,Fail
592,55,2024-01-24,56.17,Fail
592,56,2024-01-24,,incomplete
592,57,2024-01-24,82.82,Pass
593,52,2024-01-24,94.68,Pass
593,53,2024-01-24,74.93,Pass
593,54,2024-01-24,53.64,Fail
593,55,2024-01-24,68.57,Pass
593,56,2024-01-24,64.93,Fail
593,57,2024-01-24,49.16,Fail
594,52,2024-01-24,86.96,Pass
594,53,2024-01-24,25.06,Fail
594,54,2024-01-24,69.08,Pass
594,55,2024-01-24,97.23,Pass
594,56,2024-01-24,46.77,Fail
594,57,2024-01-24,76.9,Pass
595,52,2024-01-24,64.88,Fail
595,53,2024-01-24,90.85,Pass
595,54,2024-01-24,62.57,Fail
595,55,2024-01-24,86.42,Pass
595,56,2024-01-24,92.53,Pass
595,57,2024-01-24,93.18,Pass
596,52,2024-01-24,89.46,Pass
596,53,2024-01-24,80.64,Pass
596,54,2024-01-24,87.98,Pass
596,55,2024-01-24,54.24,Fail
596,56,2024-01-24,65.65,Pass
596,57,2024-01-24,98.16,Pass
597,52,2024-01-24,50.23,Fail
597,53,2024-01-24,95,Pass
597,54,2024-01-24,,incomplete
597,55,2024-01-24,65.01,Pass
597,56,2024-01-24,40.76,Fail
597,57,2024-01-24,20.11,Fail
598,52,2024-01-24,78.23,Pass
598,53,2024-01-24,66.75,Pass
598,54,2024-01-24,74.12,Pass
598,55,2024-01-24,50.36,Fail
598,56,2024-01-24,,incomplete
598,57,2024-01-24,73.77,Pass
599,52,2024-01-24,84.86,Pass
599,53,2024-01-24,57.53,Fail
599,54,2024-01-24,68.87,Pass
599,55,2024-01-24,64.76,Fail
599,56,2024-01-24,,incomplete
599,57,2024-01-24,43.17,Fail
600,52,2024-01-24,12.43,Fail
600,53,2024-01-24,74.35,Pass
600,54,2024-01-24,85.62,Pass
600,55,2024-01-24,59.96,Fail
600,56,2024-01-24,99.71,Pass
600,57,2024-01-24,76.26,Pass
