,course_result_percentage,course_status
0,73.63,Pass
1,77.49,Pass
2,72.05,Pass
3,17.66,Fail
4,38.31,Fail
5,,incomplete
6,58.34,Fail
7,82.9,Pass
8,99.03,Pass
9,79.08,Pass
10,72.12,Pass
11,59.39,Fail
12,74.09,Pass
13,92.51,Pass
14,78.31,Pass
15,91.14,Pass
16,80.4,Pass
17,59.78,Fail
18,85.72,Pass
19,94.48,Pass
20,63.38,Fail
21,64.43,Fail
22,82.51,Pass
23,60.73,Fail
24,69.82,Pass
25,75.32,Pass
26,,incomplete
27,76.08,Pass
28,24.83,Fail
29,39.78,Fail
30,99.27,Pass
31,79.91,Pass
32,81.29,Pass
33,85.63,Pass
34,43.59,Fail
35,38.77,Fail
36,73.02,Pass
37,,incomplete
38,73.28,Pass
39,65.47,Pass
40,92.03,Pass
41,82.79,Pass
42,15.96,Fail
43,28.86,Fail
44,66.61,Pass
45,88.82,Pass
46,82.11,Pass
47,46.82,Fail
48,55.11,Fail
49,84.28,Pass
50,49.74,Fail
51,,incomplete
52,86.96,Pass
53,70.71,Pass
54,69.31,Pass
55,64.34,Fail
56,,incomplete
57,64.05,Fail
58,,incomplete
59,81.27,Pass
60,91.75,Pass
61,80.19,Pass
62,43.36,Fail
63,,incomplete
64,37.71,Fail
65,65.0,Pass
66,,incomplete
67,82.83,Pass
68,72.88,Pass
69,60.11,Fail
70,65.63,Pass
71,93.24,Pass
72,79.2,Pass
73,93.3,Pass
74,89.3,Pass
75,83.71,Pass
76,91.24,Pass
77,76.61,Pass
78,71.21,Pass
79,56.9,Fail
80,63.67,Fail
81,61.16,Fail
82,77.66,Pass
83,66.24,Pass
84,73.05,Pass
85,,incomplete
86,61.78,Fail
87,,incomplete
88,74.13,Pass
89,49.15,Fail
90,89.99,Pass
91,,incomplete
92,,incomplete
93,38.94,Fail
94,77.8,Pass
95,64.0,Fail
96,14.27,Fail
97,13.07,Fail
98,66.9,Pass
99,,incomplete
100,50.11,Fail
101,54.99,Fail
102,83.64,Pass
103,82.66,Pass
104,87.74,Pass
105,50.47,Fail
106,,incomplete
107,,incomplete
108,57.76,Fail
109,61.51,Fail
110,57.49,Fail
111,62.77,Fail
112,73.05,Pass
113,82.97,Pass
114,65.53,Pass
115,56.41,Fail
116,40.81,Fail
117,91.8,Pass
118,91.51,Pass
119,62.7,Fail
120,98.65,Pass
121,54.13,Fail
122,64.38,Fail
123,57.8,Fail
124,52.98,Fail
125,74.43,Pass
126,86.0,Pass
127,42.6,Fail
128,55.26,Fail
129,76.6,Pass
130,51.64,Fail
131,76.98,Pass
132,56.94,Fail
133,50.19,Fail
134,24.53,Fail
135,69.22,Pass
136,74.02,Pass
137,,incomplete
138,93.5,Pass
139,99.57,Pass
140,,incomplete
141,80.27,Pass
142,58.14,Fail
143,58.47,Fail
144,75.78,Pass
145,92.92,Pass
146,78.17,Pass
147,47.73,Fail
148,99.22,Pass
149,93.55,Pass
150,86.85,Pass
151,,incomplete
152,96.21,Pass
153,49.46,Fail
154,94.76,Pass
155,51.78,Fail
156,92.9,Pass
157,97.93,Pass
158,73.72,Pass
159,,incomplete
160,97.28,Pass
161,67.35,Pass
162,73.96,Pass
163,80.75,Pass
164,,incomplete
165,51.59,Fail
166,41.92,Fail
167,17.36,Fail
168,66.62,Pass
169,93.32,Pass
170,72.08,Pass
171,98.41,Pass
172,28.91,Fail
173,91.12,Pass
174,51.72,Fail
175,95.46,Pass
176,72.8,Pass
177,99.97,Pass
178,29.68,Fail
179,34.07,Fail
180,,incomplete
181,59.26,Fail
182,65.71,Pass
183,88.79,Pass
184,,incomplete
185,88.65,Pass
186,51.06,Fail
187,77.54,Pass
188,90.58,Pass
189,67.81,Pass
190,11.71,Fail
191,49.93,Fail
192,60.46,Fail
193,77.84,Pass
194,98.56,Pass
195,52.63,Fail
196,53.72,Fail
197,45.65,Fail
198,74.41,Pass
199,80.67,Pass
200,81.43,Pass
201,16.06,Fail
202,32.88,Fail
203,81.96,Pass
204,67.11,Pass
205,59.75,Fail
206,63.37,Fail
207,70.36,Pass
208,64.87,Fail
209,58.84,Fail
210,,incomplete
211,45.4,Fail
212,81.74,Pass
213,54.22,Fail
214,,incomplete
215,68.69,Pass
216,23.56,Fail
217,53.06,Fail
218,69.86,Pass
219,23.54,Fail
220,86.91,Pass
221,50.77,Fail
222,,incomplete
223,79.25,Pass
224,61.69,Fail
225,70.67,Pass
226,97.84,Pass
227,91.88,Pass
228,42.87,Fail
229,89.77,Pass
230,73.34,Pass
231,84.44,Pass
232,56.4,Fail
233,99.12,Pass
234,69.12,Pass
235,69.99,Pass
236,83.39,Pass
237,64.89,Fail
238,83.34,Pass
239,48.1,Fail
240,80.63,Pass
241,60.24,Fail
242,54.31,Fail
243,66.31,Pass
244,81.17,Pass
245,91.71,Pass
246,20.21,Fail
247,59.14,Fail
248,91.9,Pass
249,77.84,Pass
250,81.83,Pass
251,42.77,Fail
252,75.87,Pass
253,81.36,Pass
254,81.11,Pass
255,95.6,Pass
256,,incomplete
257,89.92,Pass
258,92.4,Pass
259,20.41,Fail
260,60.57,Fail
261,82.93,Pass
262,,incomplete
263,,incomplete
264,23.26,Fail
265,60.34,Fail
266,61.43,Fail
267,66.22,Pass
268,71.66,Pass
269,62.14,Fail
270,66.56,Pass
271,53.02,Fail
272,64.99,Fail
273,10.66,Fail
274,47.91,Fail
275,84.81,Pass
276,66.37,Pass
277,35.45,Fail
278,66.33,Pass
279,72.73,Pass
280,56.68,Fail
281,59.63,Fail
282,68.44,Pass
283,,incomplete
284,70.49,Pass
285,73.84,Pass
286,,incomplete
287,61.83,Fail
288,91.38,Pass
289,64.07,Fail
290,75.37,Pass
291,71.59,Pass
292,90.9,Pass
293,43.36,Fail
294,62.64,Fail
295,53.32,Fail
296,26.9,Fail
297,58.86,Fail
298,79.96,Pass
299,,incomplete
300,99.82,Pass
301,64.68,Fail
302,94.18,Pass
303,90.86,Pass
304,94.1,Pass
305,70.13,Pass
306,85.11,Pass
307,,incomplete
308,88.34,Pass
309,97.94,Pass
310,81.94,Pass
311,88.45,Pass
312,55.68,Fail
313,30.88,Fail
314,3.55,Fail
315,70.42,Pass
316,78.73,Pass
317,91.75,Pass
318,33.07,Fail
319,41.31,Fail
320,,incomplete
321,83.21,Pass
322,91.78,Pass
323,38.47,Fail
324,77.4,Pass
325,70.76,Pass
326,46.24,Fail
327,54.94,Fail
328,88.29,Pass
329,58.85,Fail
330,89.65,Pass
331,90.71,Pass
332,45.87,Fail
333,63.32,Fail
334,59.97,Fail
335,99.88,Pass
336,91.92,Pass
337,73.92,Pass
338,59.57,Fail
339,78.25,Pass
340,,incomplete
341,92.65,Pass
342,89.01,Pass
343,77.52,Pass
344,50.94,Fail
345,70.66,Pass
346,55.66,Fail
347,30.26,Fail
348,90.42,Pass
349,41.15,Fail
350,99.28,Pass
351,70.26,Pass
352,76.76,Pass
353,81.58,Pass
354,37.21,Fail
355,42.49,Fail
356,86.52,Pass
357,73.28,Pass
358,87.14,Pass
359,66.6,Pass
360,83.96,Pass
361,93.32,Pass
362,,incomplete
363,99.62,Pass
364,58.8,Fail
365,76.83,Pass
366,69.34,Pass
367,78.18,Pass
368,74.98,Pass
369,62.56,Fail
370,72.92,Pass
371,47.78,Fail
372,,incomplete
373,50.09,Fail
374,70.38,Pass
375,18.93,Fail
376,,incomplete
377,81.48,Pass
378,,incomplete
379,74.81,Pass
380,81.3,Pass
381,63.02,Fail
382,79.03,Pass
383,66.64,Pass
384,64.0,Fail
385,79.11,Pass
386,27.33,Fail
387,43.92,Fail
388,,incomplete
389,84.79,Pass
390,80.72,Pass
391,67.61,Pass
392,92.44,Pass
393,68.48,Pass
394,83.15,Pass
395,91.49,Pass
396,53.91,Fail
397,16.55,Fail
398,98.41,Pass
399,54.42,Fail
400,79.89,Pass
401,43.33,Fail
402,96.69,Pass
403,43.63,Fail
404,54.91,Fail
405,95.19,Pass
406,95.18,Pass
407,32.06,Fail
408,40.33,Fail
409,74.6,Pass
410,62.87,Fail
411,97.39,Pass
412,74.17,Pass
413,16.02,Fail
414,,incomplete
415,68.07,Pass
416,75.56,Pass
417,51.46,Fail
418,76.05,Pass
419,85.52,Pass
420,45.12,Fail
421,76.7,Pass
422,78.19,Pass
423,74.73,Pass
424,51.26,Fail
425,67.15,Pass
426,64.98,Fail
427,60.46,Fail
428,42.78,Fail
429,97.15,Pass
430,26.3,Fail
431,,incomplete
432,79.12,Pass
433,43.2,Fail
434,,incomplete
435,70.78,Pass
436,47.31,Fail
437,66.22,Pass
438,66.49,Pass
439,51.84,Fail
440,90.23,Pass
441,,incomplete
442,,incomplete
443,88.77,Pass
444,96.16,Pass
445,72.83,Pass
446,91.98,Pass
447,66.46,Pass
448,42.38,Fail
449,96.07,Pass
450,,incomplete
451,80.62,Pass
452,92.59,Pass
453,83.68,Pass
454,99.65,Pass
455,58.65,Fail
456,85.77,Pass
457,54.56,Fail
458,69.17,Pass
459,69.87,Pass
460,61.04,Fail
461,67.71,Pass
462,87.48,Pass
463,89.8,Pass
464,89.87,Pass
465,42.66,Fail
466,51.71,Fail
467,67.1,Pass
468,70.17,Pass
469,,incomplete
470,74.63,Pass
471,82.06,Pass
472,50.59,Fail
473,68.85,Pass
474,93.86,Pass
475,92.99,Pass
476,93.06,Pass
477,59.31,Fail
478,93.91,Pass
479,44.05,Fail
480,86.7,Pass
481,,incomplete
482,28.25,Fail
483,45.33,Fail
484,18.01,Fail
485,,incomplete
486,72.63,Pass
487,97.8,Pass
488,47.24,Fail
489,92.05,Pass
490,86.01,Pass
491,94.39,Pass
492,53.78,Fail
493,87.27,Pass
494,49.4,Fail
495,45.39,Fail
496,,incomplete
497,80.75,Pass
498,92.92,Pass
499,77.74,Pass
500,99.05,Pass
501,63.67,Fail
502,87.27,Pass
503,90.85,Pass
504,66.03,Pass
505,72.68,Pass
506,89.97,Pass
507,38.14,Fail
508,81.65,Pass
509,,incomplete
510,68.53,Pass
511,39.32,Fail
512,98.95,Pass
513,,incomplete
514,78.17,Pass
515,64.37,Fail
516,77.95,Pass
517,98.45,Pass
518,92.9,Pass
519,45.72,Fail
520,79.62,Pass
521,41.33,Fail
522,70.52,Pass
523,82.16,Pass
524,80.32,Pass
525,58.93,Fail
526,8.88,Fail
527,57.79,Fail
528,71.61,Pass
529,45.19,Fail
530,82.4,Pass
531,79.33,Pass
532,69.97,Pass
533,69.26,Pass
534,85.37,Pass
535,82.61,Pass
536,53.19,Fail
537,72.69,Pass
538,,incomplete
539,66.45,Pass
540,61.29,Fail
541,53.03,Fail
542,80.2,Pass
543,88.85,Pass
544,98.83,Pass
545,69.65,Pass
546,84.66,Pass
547,59.43,Fail
548,70.44,Pass
549,98.39,Pass
550,70.36,Pass
551,,incomplete
552,73.32,Pass
553,92.36,Pass
554,85.73,Pass
555,59.9,Fail
556,94.62,Pass
557,59.24,Fail
558,30.93,Fail
559,61.13,Fail
560,55.06,Fail
561,1.81,Fail
562,71.56,Pass
563,86.71,Pass
564,51.26,Fail
565,49.72,Fail
566,,incomplete
567,53.84,Fail
568,,incomplete
569,,incomplete
570,51.63,Fail
571,88.87,Pass
572,82.43,Pass
573,31.21,Fail
574,71.2,Pass
575,,incomplete
576,88.66,Pass
577,61.58,Fail
578,78.86,Pass
579,86.59,Pass
580,63.09,Fail
581,65.54,Pass
582,81.84,Pass
583,91.02,Pass
584,50.15,Fail
585,59.36,Fail
586,52.67,Fail
587,58.21,Fail
588,87.83,Pass
589,64.04,Fail
590,64.68,Fail
591,95.03,Pass
592,59.36,Fail
593,,incomplete
594,92.97,Pass
595,21.14,Fail
596,45.67,Fail
597,74.77,Pass
598,44.45,Fail
599,,incomplete
600,63.02,Fail
601,80.45,Pass
602,,incomplete
603,51.63,Fail
604,79.92,Pass
605,79.59,Pass
606,,incomplete
607,,incomplete
608,64.53,Fail
609,94.3,Pass
610,47.52,Fail
611,80.62,Pass
612,53.77,Fail
613,53.11,Fail
614,91.48,Pass
615,88.92,Pass
616,87.9,Pass
617,56.7,Fail
618,66.22,Pass
619,67.62,Pass
620,65.1,Pass
621,62.18,Fail
622,84.5,Pass
623,44.3,Fail
624,75.34,Pass
625,59.5,Fail
626,68.17,Pass
627,17.96,Fail
628,,incomplete
629,57.81,Fail
630,83.67,Pass
631,61.9,Fail
632,99.93,Pass
633,,incomplete
634,90.64,Pass
635,68.94,Pass
636,90.43,Pass
637,69.17,Pass
638,87.02,Pass
639,75.63,Pass
640,83.09,Pass
641,50.36,Fail
642,42.69,Fail
643,,incomplete
644,8.47,Fail
645,96.49,Pass
646,66.71,Pass
647,72.36,Pass
648,66.38,Pass
649,41.6,Fail
650,97.23,Pass
651,77.21,Pass
652,52.06,Fail
653,82.2,Pass
654,20.2,Fail
655,86.43,Pass
656,53.53,Fail
657,50.22,Fail
658,98.31,Pass
659,28.86,Fail
660,98.94,Pass
661,48.04,Fail
662,44.76,Fail
663,,incomplete
664,52.81,Fail
665,47.49,Fail
666,71.52,Pass
667,93.83,Pass
668,53.74,Fail
669,34.0,Fail
670,65.51,Pass
671,39.89,Fail
672,73.01,Pass
673,63.35,Fail
674,94.46,Pass
675,53.77,Fail
676,78.96,Pass
677,94.73,Pass
678,85.23,Pass
679,64.82,Fail
680,56.76,Fail
681,59.01,Fail
682,83.96,Pass
683,54.06,Fail
684,94.15,Pass
685,52.14,Fail
686,56.59,Fail
687,38.66,Fail
688,55.83,Fail
689,45.08,Fail
690,83.55,Pass
691,29.98,Fail
692,49.55,Fail
693,74.06,Pass
694,65.51,Pass
695,85.95,Pass
696,89.11,Pass
697,56.74,Fail
698,85.98,Pass
699,96.79,Pass
700,67.33,Pass
701,98.33,Pass
702,73.73,Pass
703,46.15,Fail
704,60.29,Fail
705,69.62,Pass
706,82.14,Pass
707,78.73,Pass
708,91.17,Pass
709,76.73,Pass
710,,incomplete
711,88.84,Pass
712,91.56,Pass
713,61.85,Fail
714,44.43,Fail
715,81.07,Pass
716,88.37,Pass
717,32.2,Fail
718,91.99,Pass
719,84.92,Pass
720,76.94,Pass
721,,incomplete
722,96.7,Pass
723,72.34,Pass
724,69.8,Pass
725,34.0,Fail
726,71.81,Pass
727,81.55,Pass
728,48.58,Fail
729,77.28,Pass
730,73.28,Pass
731,32.44,Fail
732,43.22,Fail
733,88.37,Pass
734,70.84,Pass
735,65.06,Pass
736,69.7,Pass
737,94.28,Pass
738,58.31,Fail
739,51.56,Fail
740,87.35,Pass
741,67.03,Pass
742,82.79,Pass
743,91.36,Pass
744,69.6,Pass
745,73.56,Pass
746,,incomplete
747,,incomplete
748,,incomplete
749,77.54,Pass
750,73.13,Pass
751,67.71,Pass
752,46.48,Fail
753,52.25,Fail
754,,incomplete
755,49.35,Fail
756,62.69,Fail
757,81.45,Pass
758,31.39,Fail
759,82.77,Pass
760,77.71,Pass
761,,incomplete
762,50.97,Fail
763,,incomplete
764,20.94,Fail
765,73.01,Pass
766,94.74,Pass
767,67.59,Pass
768,89.23,Pass
769,24.79,Fail
770,,incomplete
771,,incomplete
772,72.61,Pass
773,27.79,Fail
774,68.48,Pass
775,77.22,Pass
776,88.45,Pass
777,62.78,Fail
778,,incomplete
779,83.06,Pass
780,79.92,Pass
781,89.97,Pass
782,,incomplete
783,96.21,Pass
784,,incomplete
785,80.33,Pass
786,59.35,Fail
787,57.81,Fail
788,52.49,Fail
789,82.85,Pass
790,,incomplete
791,63.65,Fail
792,95.3,Pass
793,,incomplete
794,23.62,Fail
795,61.43,Fail
796,71.73,Pass
797,79.79,Pass
798,29.09,Fail
799,85.34,Pass
800,83.14,Pass
801,83.2,Pass
802,,incomplete
803,,incomplete
804,94.43,Pass
805,86.28,Pass
806,71.36,Pass
807,66.44,Pass
808,,incomplete
809,67.84,Pass
810,15.44,Fail
811,87.04,Pass
812,92.98,Pass
813,96.92,Pass
814,95.98,Pass
815,65.69,Pass
816,73.81,Pass
817,88.02,Pass
818,94.16,Pass
819,18.77,Fail
820,66.7,Pass
821,73.23,Pass
822,96.3,Pass
823,,incomplete
824,44.4,Fail
825,74.94,Pass
826,85.0,Pass
827,73.48,Pass
828,35.57,Fail
829,99.35,Pass
830,84.48,Pass
831,89.21,Pass
832,93.29,Pass
833,77.86,Pass
834,51.7,Fail
835,78.36,Pass
836,70.31,Pass
837,58.95,Fail
838,74.38,Pass
839,49.36,Fail
840,77.42,Pass
841,66.83,Pass
842,37.67,Fail
843,,incomplete
844,97.75,Pass
845,91.64,Pass
846,95.58,Pass
847,14.95,Fail
848,79.6,Pass
849,89.49,Pass
850,64.76,Fail
851,28.25,Fail
852,97.24,Pass
853,60.02,Fail
854,63.79,Fail
855,84.96,Pass
856,92.34,Pass
857,40.89,Fail
858,60.89,Fail
859,62.52,Fail
860,96.93,Pass
861,52.57,Fail
862,78.99,Pass
863,48.92,Fail
864,86.89,Pass
865,25.72,Fail
866,71.05,Pass
867,78.24,Pass
868,68.28,Pass
869,84.97,Pass
870,41.83,Fail
871,78.82,Pass
872,,incomplete
873,66.7,Pass
874,76.78,Pass
875,67.5,Pass
876,68.37,Pass
877,61.4,Fail
878,49.99,Fail
879,96.77,Pass
880,75.37,Pass
881,92.12,Pass
882,97.41,Pass
883,85.4,Pass
884,65.64,Pass
885,87.01,Pass
886,67.04,Pass
887,48.53,Fail
888,,incomplete
889,83.96,Pass
890,96.05,Pass
891,69.51,Pass
892,30.68,Fail
893,68.05,Pass
894,,incomplete
895,,incomplete
896,,incomplete
897,,incomplete
898,,incomplete
899,42.02,Fail
900,,incomplete
901,96.12,Pass
902,54.27,Fail
903,75.14,Pass
904,79.65,Pass
905,75.9,Pass
906,72.96,Pass
907,70.27,Pass
908,68.05,Pass
909,51.68,Fail
910,59.21,Fail
911,63.57,Fail
912,31.39,Fail
913,56.81,Fail
914,88.64,Pass
915,79.05,Pass
916,94.8,Pass
917,46.12,Fail
918,72.7,Pass
919,90.47,Pass
920,79.68,Pass
921,,incomplete
922,38.12,Fail
923,75.57,Pass
924,69.07,Pass
925,27.9,Fail
926,96.84,Pass
927,74.07,Pass
928,,incomplete
929,51.71,Fail
930,87.49,Pass
931,29.82,Fail
932,75.67,Pass
933,37.99,Fail
934,82.69,Pass
935,,incomplete
936,41.79,Fail
937,56.79,Fail
938,83.79,Pass
939,80.26,Pass
940,88.81,Pass
941,94.88,Pass
942,,incomplete
943,49.39,Fail
944,83.75,Pass
945,80.73,Pass
946,87.87,Pass
947,97.75,Pass
948,85.34,Pass
949,50.89,Fail
950,82.07,Pass
951,97.01,Pass
952,95.26,Pass
953,56.82,Fail
954,54.86,Fail
955,81.15,Pass
956,80.02,Pass
957,65.54,Pass
958,56.33,Fail
959,29.94,Fail
960,,incomplete
961,66.78,Pass
962,79.14,Pass
963,55.97,Fail
964,,incomplete
965,53.04,Fail
966,85.33,Pass
967,86.77,Pass
968,46.67,Fail
969,79.4,Pass
970,,incomplete
971,93.93,Pass
972,72.2,Pass
973,74.35,Pass
974,65.49,Pass
975,37.9,Fail
976,72.51,Pass
977,57.4,Fail
978,62.85,Fail
979,65.17,Pass
980,81.78,Pass
981,74.68,Pass
982,,incomplete
983,84.51,Pass
984,71.22,Pass
985,51.08,Fail
986,71.46,Pass
987,91.65,Pass
988,66.51,Pass
989,,incomplete
990,,incomplete
991,90.33,Pass
992,97.62,Pass
993,68.29,Pass
994,,incomplete
995,57.7,Fail
996,,incomplete
997,53.97,Fail
998,72.45,Pass
999,93.45,Pass
1000,57.0,Fail
1001,53.73,Fail
1002,66.79,Pass
1003,67.24,Pass
1004,63.91,Fail
1005,73.15,Pass
1006,96.24,Pass
1007,59.11,Fail
1008,55.6,Fail
1009,72.42,Pass
1010,45.17,Fail
1011,61.78,Fail
1012,47.23,Fail
1013,73.85,Pass
1014,45.83,Fail
1015,54.18,Fail
1016,81.14,Pass
1017,,incomplete
1018,69.7,Pass
1019,50.05,Fail
1020,63.19,Fail
1021,89.21,Pass
1022,56.6,Fail
1023,74.24,Pass
1024,73.55,Pass
1025,67.66,Pass
1026,58.17,Fail
1027,81.73,Pass
1028,,incomplete
1029,82.05,Pass
1030,66.48,Pass
1031,85.48,Pass
1032,44.52,Fail
1033,83.39,Pass
1034,60.32,Fail
1035,59.78,Fail
1036,81.83,Pass
1037,56.67,Fail
1038,76.7,Pass
1039,75.83,Pass
1040,88.58,Pass
1041,90.29,Pass
1042,39.91,Fail
1043,,incomplete
1044,87.26,Pass
1045,49.93,Fail
1046,48.17,Fail
1047,80.35,Pass
1048,80.49,Pass
1049,64.87,Fail
1050,59.83,Fail
1051,78.09,Pass
1052,60.87,Fail
1053,53.02,Fail
1054,72.79,Pass
1055,87.83,Pass
1056,98.87,Pass
1057,72.45,Pass
1058,97.61,Pass
1059,66.81,Pass
1060,72.73,Pass
1061,56.18,Fail
1062,76.49,Pass
1063,75.97,Pass
1064,24.01,Fail
1065,65.66,Pass
1066,83.19,Pass
1067,58.78,Fail
1068,76.2,Pass
1069,47.94,Fail
1070,75.66,Pass
1071,65.79,Pass
1072,61.96,Fail
1073,68.11,Pass
1074,94.31,Pass
1075,77.77,Pass
1076,86.52,Pass
1077,82.12,Pass
1078,90.74,Pass
1079,67.14,Pass
1080,76.68,Pass
1081,33.43,Fail
1082,,incomplete
1083,52.53,Fail
1084,63.93,Fail
1085,62.44,Fail
1086,,incomplete
1087,91.46,Pass
1088,73.58,Pass
1089,,incomplete
1090,72.98,Pass
1091,81.35,Pass
1092,76.15,Pass
1093,80.47,Pass
1094,78.15,Pass
1095,67.05,Pass
1096,32.67,Fail
1097,67.38,Pass
1098,47.94,Fail
1099,81.27,Pass
1100,71.49,Pass
1101,85.37,Pass
1102,77.98,Pass
1103,59.69,Fail
1104,59.09,Fail
1105,89.81,Pass
1106,,incomplete
1107,57.53,Fail
1108,40.27,Fail
1109,,incomplete
1110,79.31,Pass
1111,26.1,Fail
1112,45.28,Fail
1113,79.53,Pass
1114,39.48,Fail
1115,66.11,Pass
1116,44.73,Fail
1117,95.54,Pass
1118,84.95,Pass
1119,67.42,Pass
1120,69.41,Pass
1121,88.53,Pass
1122,83.87,Pass
1123,65.41,Pass
1124,71.36,Pass
1125,80.56,Pass
1126,47.58,Fail
1127,47.15,Fail
1128,76.73,Pass
1129,33.66,Fail
1130,77.57,Pass
1131,55.46,Fail
1132,33.6,Fail
1133,99.27,Pass
1134,76.83,Pass
1135,73.27,Pass
1136,90.57,Pass
1137,46.52,Fail
1138,18.65,Fail
1139,47.43,Fail
1140,30.92,Fail
1141,67.42,Pass
1142,41.73,Fail
1143,86.06,Pass
1144,76.0,Pass
1145,26.05,Fail
1146,76.0,Pass
1147,,incomplete
1148,65.01,Pass
1149,38.25,Fail
1150,91.52,Pass
1151,56.86,Fail
1152,39.91,Fail
1153,93.52,Pass
1154,50.16,Fail
1155,48.11,Fail
1156,25.99,Fail
1157,,incomplete
1158,93.3,Pass
1159,35.71,Fail
1160,39.53,Fail
1161,87.97,Pass
1162,45.81,Fail
1163,,incomplete
1164,79.74,Pass
1165,,incomplete
1166,49.43,Fail
1167,52.13,Fail
1168,42.2,Fail
1169,96.15,Pass
1170,52.93,Fail
1171,74.99,Pass
1172,81.05,Pass
1173,45.88,Fail
1174,82.37,Pass
1175,60.09,Fail
1176,,incomplete
1177,34.88,Fail
1178,81.06,Pass
1179,41.97,Fail
1180,58.94,Fail
1181,66.72,Pass
1182,97.38,Pass
1183,95.96,Pass
1184,80.47,Pass
1185,89.77,Pass
1186,59.25,Fail
1187,80.12,Pass
1188,67.47,Pass
1189,,incomplete
1190,,incomplete
1191,90.14,Pass
1192,99.51,Pass
1193,47.18,Fail
1194,,incomplete
1195,98.14,Pass
1196,60.07,Fail
1197,70.55,Pass
1198,46.43,Fail
1199,77.71,Pass
1200,70.52,Pass
1201,,incomplete
1202,76.22,Pass
1203,82.35,Pass
1204,48.02,Fail
1205,35.47,Fail
1206,91.48,Pass
1207,73.66,Pass
1208,48.74,Fail
1209,63.63,Fail
1210,86.19,Pass
1211,,incomplete
1212,76.76,Pass
1213,67.34,Pass
1214,,incomplete
1215,98.09,Pass
1216,55.61,Fail
1217,64.55,Fail
1218,78.91,Pass
1219,73.95,Pass
1220,54.52,Fail
1221,50.58,Fail
1222,67.97,Pass
1223,67.74,Pass
1224,,incomplete
1225,64.99,Fail
1226,,incomplete
1227,39.72,Fail
1228,29.05,Fail
1229,,incomplete
1230,87.94,Pass
1231,67.57,Pass
1232,95.18,Pass
1233,48.3,Fail
1234,72.75,Pass
1235,81.96,Pass
1236,67.77,Pass
1237,55.97,Fail
1238,99.67,Pass
1239,95.51,Pass
1240,71.82,Pass
1241,21.34,Fail
1242,62.51,Fail
1243,50.14,Fail
1244,63.08,Fail
1245,64.8,Fail
1246,82.56,Pass
1247,85.06,Pass
1248,76.95,Pass
1249,85.09,Pass
1250,36.78,Fail
1251,45.68,Fail
1252,67.68,Pass
1253,32.52,Fail
1254,86.19,Pass
1255,,incomplete
1256,97.15,Pass
1257,39.19,Fail
1258,89.42,Pass
1259,97.04,Pass
1260,64.32,Fail
1261,47.36,Fail
1262,74.76,Pass
1263,93.46,Pass
1264,65.82,Pass
1265,45.48,Fail
1266,70.26,Pass
1267,36.53,Fail
1268,85.14,Pass
1269,34.12,Fail
1270,98.54,Pass
1271,91.25,Pass
1272,68.49,Pass
1273,70.1,Pass
1274,68.94,Pass
1275,72.22,Pass
1276,,incomplete
1277,49.21,Fail
1278,90.66,Pass
1279,84.97,Pass
1280,70.63,Pass
1281,99.3,Pass
1282,75.92,Pass
1283,91.34,Pass
1284,,incomplete
1285,54.67,Fail
1286,60.29,Fail
1287,61.63,Fail
1288,58.99,Fail
1289,91.62,Pass
1290,97.97,Pass
1291,60.42,Fail
1292,65.94,Pass
1293,35.63,Fail
1294,81.66,Pass
1295,67.79,Pass
1296,51.34,Fail
1297,,incomplete
1298,63.59,Fail
1299,35.33,Fail
1300,66.07,Pass
1301,58.43,Fail
1302,46.82,Fail
1303,70.48,Pass
1304,58.24,Fail
1305,61.59,Fail
1306,64.0,Fail
1307,58.75,Fail
1308,75.53,Pass
1309,97.66,Pass
1310,78.16,Pass
1311,26.84,Fail
1312,89.35,Pass
1313,86.96,Pass
1314,29.89,Fail
1315,45.61,Fail
1316,79.15,Pass
1317,57.92,Fail
1318,83.02,Pass
1319,52.89,Fail
1320,67.61,Pass
1321,58.89,Fail
1322,63.6,Fail
1323,37.41,Fail
1324,91.62,Pass
1325,,incomplete
1326,,incomplete
1327,92.95,Pass
1328,,incomplete
1329,,incomplete
1330,18.0,Fail
1331,,incomplete
1332,64.4,Fail
1333,,incomplete
1334,86.13,Pass
1335,57.45,Fail
1336,86.06,Pass
1337,49.96,Fail
1338,57.85,Fail
1339,90.38,Pass
1340,88.27,Pass
1341,17.18,Fail
1342,65.48,Pass
1343,86.49,Pass
1344,87.14,Pass
1345,25.95,Fail
1346,66.81,Pass
1347,82.4,Pass
1348,68.67,Pass
1349,89.63,Pass
1350,67.69,Pass
1351,38.99,Fail
1352,54.89,Fail
1353,69.3,Pass
1354,66.83,Pass
1355,51.34,Fail
1356,74.04,Pass
1357,,incomplete
1358,90.29,Pass
1359,87.13,Pass
1360,,incomplete
1361,7.6,Fail
1362,57.82,Fail
1363,60.96,Fail
1364,59.75,Fail
1365,39.69,Fail
1366,78.07,Pass
1367,75.1,Pass
1368,77.87,Pass
1369,66.36,Pass
1370,70.47,Pass
1371,64.08,Fail
1372,71.65,Pass
1373,,incomplete
1374,49.88,Fail
1375,95.72,Pass
1376,72.61,Pass
1377,49.28,Fail
1378,95.04,Pass
1379,67.77,Pass
1380,28.21,Fail
1381,83.06,Pass
1382,83.62,Pass
1383,95.08,Pass
1384,,incomplete
1385,96.06,Pass
1386,,incomplete
1387,47.5,Fail
1388,78.67,Pass
1389,,incomplete
1390,57.39,Fail
1391,,incomplete
1392,76.9,Pass
1393,46.22,Fail
1394,75.43,Pass
1395,80.04,Pass
1396,78.83,Pass
1397,50.6,Fail
1398,60.9,Fail
1399,34.87,Fail
1400,59.3,Fail
1401,55.87,Fail
1402,99.29,Pass
1403,70.81,Pass
1404,70.42,Pass
1405,91.07,Pass
1406,72.72,Pass
1407,,incomplete
1408,87.65,Pass
1409,71.55,Pass
1410,,incomplete
1411,43.83,Fail
1412,,incomplete
1413,62.3,Fail
1414,78.1,Pass
1415,22.17,Fail
1416,91.72,Pass
1417,64.82,Fail
1418,79.86,Pass
1419,84.25,Pass
1420,84.93,Pass
1421,78.32,Pass
1422,56.76,Fail
1423,96.3,Pass
1424,83.89,Pass
1425,87.43,Pass
1426,82.4,Pass
1427,83.19,Pass
1428,,incomplete
1429,92.56,Pass
1430,69.66,Pass
1431,39.74,Fail
1432,26.95,Fail
1433,,incomplete
1434,81.38,Pass
1435,62.69,Fail
1436,71.11,Pass
1437,91.81,Pass
1438,10.58,Fail
1439,48.74,Fail
1440,79.14,Pass
1441,70.36,Pass
1442,41.02,Fail
1443,82.8,Pass
1444,63.62,Fail
1445,95.28,Pass
1446,21.87,Fail
1447,,incomplete
1448,72.11,Pass
1449,81.54,Pass
1450,,incomplete
1451,41.61,Fail
1452,76.8,Pass
1453,66.19,Pass
1454,94.4,Pass
1455,,incomplete
1456,44.25,Fail
1457,75.8,Pass
1458,,incomplete
1459,87.69,Pass
1460,59.89,Fail
1461,86.25,Pass
1462,71.75,Pass
1463,96.07,Pass
1464,55.74,Fail
1465,89.48,Pass
1466,55.27,Fail
1467,30.92,Fail
1468,48.24,Fail
1469,93.66,Pass
1470,45.75,Fail
1471,96.98,Pass
1472,63.66,Fail
1473,93.5,Pass
1474,96.91,Pass
1475,57.67,Fail
1476,56.57,Fail
1477,42.56,Fail
1478,,incomplete
1479,71.79,Pass
1480,48.03,Fail
1481,,incomplete
1482,63.58,Fail
1483,88.83,Pass
1484,83.64,Pass
1485,,incomplete
1486,88.03,Pass
1487,46.88,Fail
1488,66.19,Pass
1489,25.08,Fail
1490,73.3,Pass
1491,38.45,Fail
1492,99.83,Pass
1493,79.75,Pass
1494,73.19,Pass
1495,26.46,Fail
1496,79.71,Pass
1497,94.17,Pass
1498,71.0,Pass
1499,88.25,Pass
1500,66.36,Pass
1501,67.96,Pass
1502,49.17,Fail
1503,97.14,Pass
1504,,incomplete
1505,76.07,Pass
1506,69.79,Pass
1507,90.38,Pass
1508,,incomplete
1509,,incomplete
1510,49.26,Fail
1511,36.22,Fail
1512,,incomplete
1513,97.57,Pass
1514,96.16,Pass
1515,93.96,Pass
1516,78.37,Pass
1517,83.98,Pass
1518,90.35,Pass
1519,63.8,Fail
1520,86.93,Pass
1521,44.42,Fail
1522,52.52,Fail
1523,88.36,Pass
1524,68.73,Pass
1525,87.24,Pass
1526,93.05,Pass
1527,95.23,Pass
1528,,incomplete
1529,82.29,Pass
1530,91.44,Pass
1531,68.88,Pass
1532,74.55,Pass
1533,49.96,Fail
1534,,incomplete
1535,60.55,Fail
1536,51.6,Fail
1537,62.31,Fail
1538,21.37,Fail
1539,,incomplete
1540,71.28,Pass
1541,79.64,Pass
1542,33.98,Fail
1543,45.07,Fail
1544,93.77,Pass
1545,72.09,Pass
1546,92.51,Pass
1547,71.23,Pass
1548,49.24,Fail
1549,66.35,Pass
1550,,incomplete
1551,59.69,Fail
1552,,incomplete
1553,,incomplete
1554,97.68,Pass
1555,77.45,Pass
1556,98.29,Pass
1557,79.22,Pass
1558,84.21,Pass
1559,99.65,Pass
1560,57.78,Fail
1561,68.1,Pass
1562,93.21,Pass
1563,76.16,Pass
1564,90.32,Pass
1565,91.08,Pass
1566,93.39,Pass
1567,54.61,Fail
1568,45.56,Fail
1569,48.06,Fail
1570,63.5,Fail
1571,93.25,Pass
1572,77.4,Pass
1573,73.02,Pass
1574,,incomplete
1575,96.38,Pass
1576,84.42,Pass
1577,76.01,Pass
1578,90.54,Pass
1579,64.61,Fail
1580,81.51,Pass
1581,57.43,Fail
1582,,incomplete
1583,29.76,Fail
1584,57.5,Fail
1585,54.57,Fail
1586,84.34,Pass
1587,74.09,Pass
1588,76.43,Pass
1589,64.84,Fail
1590,73.92,Pass
1591,73.69,Pass
1592,99.1,Pass
1593,98.14,Pass
1594,,incomplete
1595,72.63,Pass
1596,52.12,Fail
1597,76.41,Pass
1598,70.29,Pass
1599,72.92,Pass
1600,54.39,Fail
1601,39.83,Fail
1602,37.79,Fail
1603,67.04,Pass
1604,62.46,Fail
1605,43.11,Fail
1606,73.78,Pass
1607,96.58,Pass
1608,70.54,Pass
1609,69.26,Pass
1610,84.49,Pass
1611,,incomplete
1612,,incomplete
1613,69.58,Pass
1614,76.5,Pass
1615,58.81,Fail
1616,59.55,Fail
1617,79.78,Pass
1618,74.05,Pass
1619,67.36,Pass
1620,57.67,Fail
1621,94.35,Pass
1622,54.36,Fail
1623,16.88,Fail
1624,94.44,Pass
1625,41.06,Fail
1626,51.75,Fail
1627,90.23,Pass
1628,56.73,Fail
1629,68.47,Pass
1630,58.93,Fail
1631,40.79,Fail
1632,21.23,Fail
1633,91.02,Pass
1634,88.6,Pass
1635,75.45,Pass
1636,63.26,Fail
1637,90.68,Pass
1638,54.91,Fail
1639,53.26,Fail
1640,52.2,Fail
1641,90.99,Pass
1642,,incomplete
1643,,incomplete
1644,,incomplete
1645,70.93,Pass
1646,50.3,Fail
1647,,incomplete
1648,67.5,Pass
1649,79.26,Pass
1650,81.53,Pass
1651,86.68,Pass
1652,72.71,Pass
1653,59.4,Fail
1654,67.34,Pass
1655,59.52,Fail
1656,80.13,Pass
1657,96.6,Pass
1658,68.21,Pass
1659,41.73,Fail
1660,77.71,Pass
1661,62.34,Fail
1662,58.01,Fail
1663,,incomplete
1664,53.77,Fail
1665,74.34,Pass
1666,45.28,Fail
1667,89.7,Pass
1668,,incomplete
1669,78.74,Pass
1670,,incomplete
1671,61.08,Fail
1672,67.65,Pass
1673,31.15,Fail
1674,66.45,Pass
1675,,incomplete
1676,83.68,Pass
1677,73.43,Pass
1678,38.91,Fail
1679,83.85,Pass
1680,39.69,Fail
1681,,incomplete
1682,79.7,Pass
1683,88.69,Pass
1684,90.74,Pass
1685,,incomplete
1686,80.31,Pass
1687,27.47,Fail
1688,87.05,Pass
1689,46.02,Fail
1690,93.16,Pass
1691,67.58,Pass
1692,70.22,Pass
1693,87.46,Pass
1694,38.35,Fail
1695,57.45,Fail
1696,45.12,Fail
1697,94.38,Pass
1698,93.18,Pass
1699,73.11,Pass
1700,78.39,Pass
1701,56.84,Fail
1702,94.38,Pass
1703,,incomplete
1704,72.34,Pass
1705,43.53,Fail
1706,,incomplete
1707,69.69,Pass
1708,83.82,Pass
1709,83.93,Pass
1710,77.17,Pass
1711,,incomplete
1712,55.98,Fail
1713,86.29,Pass
1714,81.73,Pass
1715,83.06,Pass
1716,92.43,Pass
1717,96.19,Pass
1718,,incomplete
1719,92.85,Pass
1720,35.32,Fail
1721,57.68,Fail
1722,86.7,Pass
1723,47.23,Fail
1724,63.76,Fail
1725,97.46,Pass
1726,46.33,Fail
1727,60.35,Fail
1728,74.81,Pass
1729,,incomplete
1730,68.14,Pass
1731,19.64,Fail
1732,65.92,Pass
1733,71.51,Pass
1734,73.35,Pass
1735,89.4,Pass
1736,41.49,Fail
1737,44.98,Fail
1738,43.93,Fail
1739,65.34,Pass
1740,51.57,Fail
1741,39.49,Fail
1742,71.86,Pass
1743,95.55,Pass
1744,73.68,Pass
1745,54.88,Fail
1746,,incomplete
1747,89.46,Pass
1748,,incomplete
1749,93.36,Pass
1750,50.46,Fail
1751,70.04,Pass
1752,88.67,Pass
1753,68.91,Pass
1754,53.66,Fail
1755,90.78,Pass
1756,76.77,Pass
1757,60.54,Fail
1758,58.75,Fail
1759,55.91,Fail
1760,41.3,Fail
1761,99.26,Pass
1762,93.87,Pass
1763,29.72,Fail
1764,,incomplete
1765,82.47,Pass
1766,91.34,Pass
1767,94.44,Pass
1768,94.28,Pass
1769,75.7,Pass
1770,,incomplete
1771,88.2,Pass
1772,75.76,Pass
1773,11.25,Fail
1774,78.43,Pass
1775,57.92,Fail
1776,81.25,Pass
1777,42.7,Fail
1778,72.83,Pass
1779,74.0,Pass
1780,51.3,Fail
1781,62.57,Fail
1782,68.3,Pass
1783,65.81,Pass
1784,75.68,Pass
1785,91.46,Pass
1786,83.79,Pass
1787,49.63,Fail
1788,17.73,Fail
1789,82.31,Pass
1790,48.02,Fail
1791,65.46,Pass
1792,80.04,Pass
1793,70.85,Pass
1794,67.49,Pass
1795,39.13,Fail
1796,67.48,Pass
1797,99.66,Pass
1798,71.44,Pass
1799,67.02,Pass
1800,47.79,Fail
1801,66.0,Pass
1802,83.69,Pass
1803,42.07,Fail
1804,65.62,Pass
1805,65.08,Pass
1806,61.53,Fail
1807,79.69,Pass
1808,93.9,Pass
1809,21.56,Fail
1810,93.66,Pass
1811,,incomplete
1812,49.83,Fail
1813,66.98,Pass
1814,51.75,Fail
1815,53.14,Fail
1816,62.87,Fail
1817,40.19,Fail
1818,52.87,Fail
1819,89.29,Pass
1820,31.71,Fail
1821,59.75,Fail
1822,53.03,Fail
1823,86.65,Pass
1824,95.88,Pass
1825,45.88,Fail
1826,56.41,Fail
1827,90.4,Pass
1828,51.12,Fail
1829,76.9,Pass
1830,76.75,Pass
1831,85.94,Pass
1832,73.97,Pass
1833,45.57,Fail
1834,92.34,Pass
1835,56.17,Fail
1836,56.07,Fail
1837,54.29,Fail
1838,87.58,Pass
1839,81.84,Pass
1840,,incomplete
1841,48.47,Fail
1842,76.92,Pass
1843,51.18,Fail
1844,68.4,Pass
1845,67.16,Pass
1846,76.13,Pass
1847,99.37,Pass
1848,93.37,Pass
1849,,incomplete
1850,71.23,Pass
1851,51.47,Fail
1852,60.32,Fail
1853,71.72,Pass
1854,57.95,Fail
1855,73.24,Pass
1856,86.73,Pass
1857,86.36,Pass
1858,,incomplete
1859,45.3,Fail
1860,52.65,Fail
1861,51.88,Fail
1862,79.05,Pass
1863,74.37,Pass
1864,73.62,Pass
1865,59.33,Fail
1866,77.82,Pass
1867,73.67,Pass
1868,37.97,Fail
1869,82.93,Pass
1870,,incomplete
1871,19.93,Fail
1872,68.3,Pass
1873,94.86,Pass
1874,73.51,Pass
1875,83.84,Pass
1876,91.83,Pass
1877,57.58,Fail
1878,97.56,Pass
1879,93.15,Pass
1880,50.22,Fail
1881,58.14,Fail
1882,84.93,Pass
1883,67.75,Pass
1884,64.99,Fail
1885,55.22,Fail
1886,52.46,Fail
1887,75.24,Pass
1888,82.9,Pass
1889,76.44,Pass
1890,94.5,Pass
1891,81.72,Pass
1892,73.98,Pass
1893,70.36,Pass
1894,78.93,Pass
1895,94.16,Pass
1896,,incomplete
1897,84.49,Pass
1898,71.67,Pass
1899,46.22,Fail
1900,93.48,Pass
1901,90.23,Pass
1902,53.75,Fail
1903,,incomplete
1904,51.37,Fail
1905,77.77,Pass
1906,19.56,Fail
1907,71.13,Pass
1908,24.22,Fail
1909,76.86,Pass
1910,47.17,Fail
1911,73.41,Pass
1912,87.89,Pass
1913,68.46,Pass
1914,90.82,Pass
1915,91.14,Pass
1916,,incomplete
1917,60.76,Fail
1918,79.49,Pass
1919,86.31,Pass
1920,,incomplete
1921,,incomplete
1922,63.71,Fail
1923,47.78,Fail
1924,90.77,Pass
1925,60.58,Fail
1926,81.95,Pass
1927,85.97,Pass
1928,80.84,Pass
1929,54.95,Fail
1930,61.5,Fail
1931,,incomplete
1932,86.07,Pass
1933,86.4,Pass
1934,99.94,Pass
1935,83.91,Pass
1936,44.43,Fail
1937,63.85,Fail
1938,46.19,Fail
1939,73.83,Pass
1940,92.66,Pass
1941,70.12,Pass
1942,74.75,Pass
1943,,incomplete
1944,,incomplete
1945,75.73,Pass
1946,79.04,Pass
1947,57.76,Fail
1948,69.09,Pass
1949,74.09,Pass
1950,55.38,Fail
1951,52.91,Fail
1952,34.02,Fail
1953,47.74,Fail
1954,63.21,Fail
1955,66.55,Pass
1956,77.49,Pass
1957,99.66,Pass
1958,28.17,Fail
1959,30.4,Fail
1960,58.08,Fail
1961,95.51,Pass
1962,65.79,Pass
1963,8.72,Fail
1964,54.72,Fail
1965,51.78,Fail
1966,44.97,Fail
1967,92.84,Pass
1968,42.98,Fail
1969,,incomplete
1970,,incomplete
1971,55.43,Fail
1972,91.87,Pass
1973,98.87,Pass
1974,58.07,Fail
1975,37.11,Fail
1976,64.97,Fail
1977,,incomplete
1978,46.88,Fail
1979,82.65,Pass
1980,28.53,Fail
1981,81.37,Pass
1982,51.82,Fail
1983,69.47,Pass
1984,99.52,Pass
1985,36.46,Fail
1986,85.52,Pass
1987,96.99,Pass
1988,9.66,Fail
1989,94.85,Pass
1990,74.31,Pass
1991,54.94,Fail
1992,,incomplete
1993,66.8,Pass
1994,63.19,Fail
1995,61.43,Fail
1996,78.21,Pass
1997,79.11,Pass
1998,78.43,Pass
1999,35.37,Fail
2000,65.84,Pass
2001,75.2,Pass
2002,87.94,Pass
2003,56.22,Fail
2004,67.28,Pass
2005,87.62,Pass
2006,67.57,Pass
2007,71.47,Pass
2008,71.1,Pass
2009,50.35,Fail
2010,,incomplete
2011,46.03,Fail
2012,59.15,Fail
2013,90.19,Pass
2014,91.57,Pass
2015,80.82,Pass
2016,91.11,Pass
2017,92.92,Pass
2018,70.09,Pass
2019,84.67,Pass
2020,88.45,Pass
2021,68.73,Pass
2022,78.66,Pass
2023,26.5,Fail
2024,11.76,Fail
2025,63.74,Fail
2026,88.22,Pass
2027,54.02,Fail
2028,61.33,Fail
2029,49.14,Fail
2030,94.21,Pass
2031,62.34,Fail
2032,59.92,Fail
2033,99.12,Pass
2034,46.11,Fail
2035,63.07,Fail
2036,70.25,Pass
2037,56.96,Fail
2038,,incomplete
2039,61.33,Fail
2040,51.26,Fail
2041,73.89,Pass
2042,56.97,Fail
2043,61.0,Fail
2044,,incomplete
2045,80.59,Pass
2046,70.43,Pass
2047,63.88,Fail
2048,68.71,Pass
2049,96.95,Pass
2050,71.08,Pass
2051,73.87,Pass
2052,83.45,Pass
2053,80.06,Pass
2054,84.39,Pass
2055,71.02,Pass
2056,62.13,Fail
2057,97.69,Pass
2058,91.11,Pass
2059,39.77,Fail
2060,86.5,Pass
2061,55.03,Fail
2062,53.9,Fail
2063,72.48,Pass
2064,69.49,Pass
2065,73.83,Pass
2066,31.21,Fail
2067,52.13,Fail
2068,36.55,Fail
2069,67.16,Pass
2070,91.27,Pass
2071,42.53,Fail
2072,70.21,Pass
2073,78.89,Pass
2074,87.02,Pass
2075,69.5,Pass
2076,47.48,Fail
2077,66.87,Pass
2078,96.42,Pass
2079,56.51,Fail
2080,64.41,Fail
2081,50.88,Fail
2082,,incomplete
2083,77.16,Pass
2084,74.09,Pass
2085,54.88,Fail
2086,,incomplete
2087,66.6,Pass
2088,,incomplete
2089,72.06,Pass
2090,90.1,Pass
2091,77.28,Pass
2092,55.5,Fail
2093,,incomplete
2094,70.73,Pass
2095,72.57,Pass
2096,58.66,Fail
2097,39.19,Fail
2098,95.2,Pass
2099,10.18,Fail
2100,97.74,Pass
2101,15.17,Fail
2102,,incomplete
2103,,incomplete
2104,85.42,Pass
2105,98.38,Pass
2106,15.06,Fail
2107,89.93,Pass
2108,38.67,Fail
2109,40.85,Fail
2110,93.36,Pass
2111,79.21,Pass
2112,68.7,Pass
2113,90.08,Pass
2114,29.54,Fail
2115,85.72,Pass
2116,78.37,Pass
2117,85.64,Pass
2118,51.47,Fail
2119,61.96,Fail
2120,93.94,Pass
2121,66.87,Pass
2122,,incomplete
2123,72.16,Pass
2124,77.84,Pass
2125,,incomplete
2126,65.37,Pass
2127,89.81,Pass
2128,58.71,Fail
2129,80.54,Pass
2130,81.33,Pass
2131,73.32,Pass
2132,70.06,Pass
2133,45.85,Fail
2134,30.39,Fail
2135,71.52,Pass
2136,55.04,Fail
2137,,incomplete
2138,49.09,Fail
2139,68.63,Pass
2140,64.59,Fail
2141,75.13,Pass
2142,63.77,Fail
2143,91.72,Pass
2144,72.48,Pass
2145,98.04,Pass
2146,36.14,Fail
2147,,incomplete
2148,55.43,Fail
2149,92.01,Pass
2150,69.75,Pass
2151,91.62,Pass
2152,65.96,Pass
2153,88.82,Pass
2154,91.44,Pass
2155,49.87,Fail
2156,50.4,Fail
2157,96.42,Pass
2158,91.77,Pass
2159,83.01,Pass
2160,81.67,Pass
2161,59.86,Fail
2162,79.09,Pass
2163,93.68,Pass
2164,33.13,Fail
2165,96.04,Pass
2166,83.63,Pass
2167,93.51,Pass
2168,81.59,Pass
2169,22.1,Fail
2170,78.71,Pass
2171,,incomplete
2172,63.95,Fail
2173,79.29,Pass
2174,70.73,Pass
2175,94.38,Pass
2176,32.5,Fail
2177,67.17,Pass
2178,70.02,Pass
2179,60.56,Fail
2180,50.48,Fail
2181,,incomplete
2182,51.12,Fail
2183,90.17,Pass
2184,60.15,Fail
2185,62.52,Fail
2186,78.06,Pass
2187,91.19,Pass
2188,90.0,Pass
2189,78.21,Pass
2190,22.3,Fail
2191,72.02,Pass
2192,56.61,Fail
2193,87.23,Pass
2194,38.05,Fail
2195,,incomplete
2196,74.18,Pass
2197,36.65,Fail
2198,30.84,Fail
2199,47.55,Fail
2200,95.65,Pass
2201,52.45,Fail
2202,76.39,Pass
2203,,incomplete
2204,98.22,Pass
2205,53.01,Fail
2206,79.96,Pass
2207,63.39,Fail
2208,80.29,Pass
2209,64.04,Fail
2210,,incomplete
2211,39.96,Fail
2212,66.76,Pass
2213,81.8,Pass
2214,93.82,Pass
2215,66.05,Pass
2216,58.2,Fail
2217,76.49,Pass
2218,63.91,Fail
2219,75.28,Pass
2220,62.59,Fail
2221,83.93,Pass
2222,,incomplete
2223,75.24,Pass
2224,55.7,Fail
2225,47.83,Fail
2226,96.34,Pass
2227,90.6,Pass
2228,87.13,Pass
2229,53.02,Fail
2230,76.15,Pass
2231,69.76,Pass
2232,97.37,Pass
2233,78.02,Pass
2234,64.82,Fail
2235,62.03,Fail
2236,71.3,Pass
2237,67.03,Pass
2238,50.14,Fail
2239,86.98,Pass
2240,82.17,Pass
2241,57.68,Fail
2242,86.77,Pass
2243,,incomplete
2244,91.21,Pass
2245,51.66,Fail
2246,74.92,Pass
2247,45.33,Fail
2248,,incomplete
2249,78.02,Pass
2250,67.41,Pass
2251,50.59,Fail
2252,98.62,Pass
2253,58.34,Fail
2254,62.24,Fail
2255,78.94,Pass
2256,59.44,Fail
2257,38.53,Fail
2258,96.19,Pass
2259,54.83,Fail
2260,84.43,Pass
2261,65.73,Pass
2262,81.08,Pass
2263,48.21,Fail
2264,71.01,Pass
2265,74.53,Pass
2266,61.59,Fail
2267,83.23,Pass
2268,,incomplete
2269,70.29,Pass
2270,26.73,Fail
2271,99.98,Pass
2272,78.09,Pass
2273,78.36,Pass
2274,68.42,Pass
2275,94.46,Pass
2276,73.03,Pass
2277,94.52,Pass
2278,85.89,Pass
2279,,incomplete
2280,4.6,Fail
2281,63.58,Fail
2282,21.22,Fail
2283,93.56,Pass
2284,66.8,Pass
2285,63.61,Fail
2286,80.08,Pass
2287,,incomplete
2288,50.89,Fail
2289,52.51,Fail
2290,35.2,Fail
2291,57.77,Fail
2292,60.93,Fail
2293,64.44,Fail
2294,48.82,Fail
2295,41.09,Fail
2296,98.65,Pass
2297,61.71,Fail
2298,46.08,Fail
2299,66.13,Pass
2300,45.03,Fail
2301,81.47,Pass
2302,41.56,Fail
2303,86.29,Pass
2304,59.48,Fail
2305,97.37,Pass
2306,98.42,Pass
2307,57.78,Fail
2308,62.78,Fail
2309,,incomplete
2310,94.39,Pass
2311,,incomplete
2312,92.84,Pass
2313,65.45,Pass
2314,74.39,Pass
2315,72.52,Pass
2316,92.63,Pass
2317,64.17,Fail
2318,93.79,Pass
2319,74.53,Pass
2320,38.65,Fail
2321,86.35,Pass
2322,,incomplete
2323,76.06,Pass
2324,67.29,Pass
2325,98.45,Pass
2326,,incomplete
2327,61.55,Fail
2328,74.38,Pass
2329,44.37,Fail
2330,59.04,Fail
2331,84.06,Pass
2332,75.87,Pass
2333,65.35,Pass
2334,77.21,Pass
2335,77.58,Pass
2336,74.87,Pass
2337,91.54,Pass
2338,65.14,Pass
2339,37.1,Fail
2340,70.52,Pass
2341,,incomplete
2342,51.06,Fail
2343,40.75,Fail
2344,,incomplete
2345,68.16,Pass
2346,,incomplete
2347,98.51,Pass
2348,51.06,Fail
2349,40.73,Fail
2350,,incomplete
2351,89.77,Pass
2352,96.52,Pass
2353,60.78,Fail
2354,52.75,Fail
2355,36.71,Fail
2356,65.42,Pass
2357,68.98,Pass
2358,59.03,Fail
2359,,incomplete
2360,87.68,Pass
2361,91.05,Pass
2362,98.06,Pass
2363,69.29,Pass
2364,88.8,Pass
2365,59.25,Fail
2366,2.78,Fail
2367,64.66,Fail
2368,79.54,Pass
2369,93.56,Pass
2370,46.82,Fail
2371,81.99,Pass
2372,89.14,Pass
2373,89.35,Pass
2374,94.66,Pass
2375,30.28,Fail
2376,97.05,Pass
2377,88.21,Pass
2378,,incomplete
2379,,incomplete
2380,90.83,Pass
2381,53.35,Fail
2382,78.78,Pass
2383,88.66,Pass
2384,47.36,Fail
2385,50.67,Fail
2386,76.29,Pass
2387,78.23,Pass
2388,83.25,Pass
2389,71.84,Pass
2390,57.02,Fail
2391,49.36,Fail
2392,87.13,Pass
2393,76.25,Pass
2394,,incomplete
2395,98.95,Pass
2396,59.67,Fail
2397,68.85,Pass
2398,75.71,Pass
2399,81.02,Pass
2400,59.63,Fail
2401,88.72,Pass
2402,98.08,Pass
2403,80.32,Pass
2404,35.61,Fail
2405,,incomplete
2406,57.14,Fail
2407,,incomplete
2408,79.08,Pass
2409,85.53,Pass
2410,19.21,Fail
2411,91.54,Pass
2412,80.09,Pass
2413,73.48,Pass
2414,41.33,Fail
2415,16.82,Fail
2416,93.66,Pass
2417,83.6,Pass
2418,45.83,Fail
2419,,incomplete
2420,70.55,Pass
2421,44.88,Fail
2422,54.8,Fail
2423,67.25,Pass
2424,77.42,Pass
2425,68.54,Pass
2426,92.48,Pass
2427,72.22,Pass
2428,,incomplete
2429,37.76,Fail
2430,,incomplete
2431,61.68,Fail
2432,60.22,Fail
2433,57.73,Fail
2434,57.44,Fail
2435,88.93,Pass
2436,56.89,Fail
2437,43.72,Fail
2438,49.32,Fail
2439,67.79,Pass
2440,86.3,Pass
2441,88.08,Pass
2442,98.35,Pass
2443,71.74,Pass
2444,79.4,Pass
2445,37.13,Fail
2446,65.75,Pass
2447,11.44,Fail
2448,64.73,Fail
2449,85.77,Pass
2450,,incomplete
2451,59.9,Fail
2452,49.91,Fail
2453,,incomplete
2454,57.3,Fail
2455,81.68,Pass
2456,65.42,Pass
2457,,incomplete
2458,,incomplete
2459,93.08,Pass
2460,89.56,Pass
2461,55.32,Fail
2462,76.05,Pass
2463,,incomplete
2464,50.11,Fail
2465,47.67,Fail
2466,65.48,Pass
2467,60.31,Fail
2468,23.83,Fail
2469,73.49,Pass
2470,56.42,Fail
2471,68.14,Pass
2472,73.93,Pass
2473,84.07,Pass
2474,69.17,Pass
2475,86.07,Pass
2476,36.23,Fail
2477,23.95,Fail
2478,96.52,Pass
2479,,incomplete
2480,95.61,Pass
2481,73.32,Pass
2482,31.42,Fail
2483,27.23,Fail
2484,,incomplete
2485,39.42,Fail
2486,39.05,Fail
2487,94.01,Pass
2488,36.66,Fail
2489,81.82,Pass
2490,70.73,Pass
2491,91.89,Pass
2492,9.09,Fail
2493,38.28,Fail
2494,78.05,Pass
2495,80.19,Pass
2496,43.46,Fail
2497,,incomplete
2498,48.33,Fail
2499,91.93,Pass
2500,,incomplete
2501,,incomplete
2502,72.7,Pass
2503,54.59,Fail
2504,67.37,Pass
2505,,incomplete
2506,86.13,Pass
2507,44.66,Fail
2508,83.84,Pass
2509,81.45,Pass
2510,90.53,Pass
2511,53.37,Fail
2512,84.02,Pass
2513,86.87,Pass
2514,87.47,Pass
2515,42.51,Fail
2516,85.63,Pass
2517,,incomplete
2518,56.25,Fail
2519,66.94,Pass
2520,69.8,Pass
2521,80.26,Pass
2522,74.9,Pass
2523,90.9,Pass
2524,61.83,Fail
2525,70.87,Pass
2526,95.69,Pass
2527,46.2,Fail
2528,,incomplete
2529,75.26,Pass
2530,11.78,Fail
2531,80.27,Pass
2532,,incomplete
2533,66.15,Pass
2534,76.56,Pass
2535,48.41,Fail
2536,71.86,Pass
2537,41.39,Fail
2538,35.18,Fail
2539,89.95,Pass
2540,16.09,Fail
2541,71.58,Pass
2542,75.24,Pass
2543,83.02,Pass
2544,52.28,Fail
2545,52.59,Fail
2546,62.61,Fail
2547,61.66,Fail
2548,83.71,Pass
2549,66.95,Pass
2550,89.37,Pass
2551,52.25,Fail
2552,74.71,Pass
2553,94.97,Pass
2554,88.3,Pass
2555,50.24,Fail
2556,97.16,Pass
2557,32.62,Fail
2558,79.29,Pass
2559,52.45,Fail
2560,70.98,Pass
2561,91.53,Pass
2562,54.01,Fail
2563,59.32,Fail
2564,81.41,Pass
2565,85.01,Pass
2566,71.38,Pass
2567,76.81,Pass
2568,63.08,Fail
2569,62.94,Fail
2570,59.96,Fail
2571,23.22,Fail
2572,84.98,Pass
2573,77.16,Pass
2574,80.78,Pass
2575,81.99,Pass
2576,74.54,Pass
2577,,incomplete
2578,18.51,Fail
2579,87.17,Pass
2580,58.81,Fail
2581,49.04,Fail
2582,29.8,Fail
2583,45.69,Fail
2584,82.6,Pass
2585,66.27,Pass
2586,83.41,Pass
2587,28.37,Fail
2588,67.62,Pass
2589,73.24,Pass
2590,,incomplete
2591,63.13,Fail
2592,54.98,Fail
2593,58.82,Fail
2594,,incomplete
2595,82.99,Pass
2596,78.6,Pass
2597,82.84,Pass
2598,96.37,Pass
2599,72.21,Pass
2600,50.55,Fail
2601,,incomplete
2602,88.19,Pass
2603,81.14,Pass
2604,85.57,Pass
2605,62.61,Fail
2606,93.01,Pass
2607,70.33,Pass
2608,57.16,Fail
2609,72.88,Pass
2610,94.64,Pass
2611,84.04,Pass
2612,77.54,Pass
2613,83.68,Pass
2614,98.67,Pass
2615,56.31,Fail
2616,81.51,Pass
2617,96.62,Pass
2618,91.54,Pass
2619,74.73,Pass
2620,66.39,Pass
2621,99.62,Pass
2622,47.85,Fail
2623,51.62,Fail
2624,53.9,Fail
2625,50.84,Fail
2626,40.09,Fail
2627,57.95,Fail
2628,59.37,Fail
2629,83.78,Pass
2630,52.46,Fail
2631,32.56,Fail
2632,95.92,Pass
2633,94.38,Pass
2634,81.06,Pass
2635,89.61,Pass
2636,73.64,Pass
2637,66.51,Pass
2638,72.81,Pass
2639,,incomplete
2640,,incomplete
2641,64.92,Fail
2642,72.35,Pass
2643,41.68,Fail
2644,77.15,Pass
2645,,incomplete
2646,,incomplete
2647,73.11,Pass
2648,56.92,Fail
2649,,incomplete
2650,69.83,Pass
2651,84.59,Pass
2652,,incomplete
2653,39.73,Fail
2654,35.1,Fail
2655,70.49,Pass
2656,31.63,Fail
2657,87.36,Pass
2658,77.69,Pass
2659,81.65,Pass
2660,39.84,Fail
2661,,incomplete
2662,59.36,Fail
2663,84.77,Pass
2664,68.16,Pass
2665,70.27,Pass
2666,96.36,Pass
2667,87.81,Pass
2668,84.63,Pass
2669,72.4,Pass
2670,,incomplete
2671,71.83,Pass
2672,66.1,Pass
2673,37.12,Fail
2674,66.11,Pass
2675,74.75,Pass
2676,80.58,Pass
2677,55.01,Fail
2678,53.13,Fail
2679,63.0,Fail
2680,71.97,Pass
2681,,incomplete
2682,87.99,Pass
2683,97.18,Pass
2684,52.31,Fail
2685,81.05,Pass
2686,52.69,Fail
2687,36.14,Fail
2688,20.56,Fail
2689,86.81,Pass
2690,,incomplete
2691,69.65,Pass
2692,69.41,Pass
2693,63.12,Fail
2694,,incomplete
2695,88.7,Pass
2696,95.6,Pass
2697,92.0,Pass
2698,38.5,Fail
2699,42.98,Fail
2700,58.88,Fail
2701,75.21,Pass
2702,79.96,Pass
2703,97.12,Pass
2704,67.65,Pass
2705,26.27,Fail
2706,67.89,Pass
2707,62.99,Fail
2708,58.22,Fail
2709,72.25,Pass
2710,87.45,Pass
2711,74.47,Pass
2712,76.25,Pass
2713,54.63,Fail
2714,61.41,Fail
2715,70.91,Pass
2716,43.14,Fail
2717,39.07,Fail
2718,64.68,Fail
2719,71.29,Pass
2720,69.19,Pass
2721,57.98,Fail
2722,66.59,Pass
2723,,incomplete
2724,63.48,Fail
2725,42.61,Fail
2726,67.01,Pass
2727,86.52,Pass
2728,92.15,Pass
2729,61.55,Fail
2730,68.78,Pass
2731,91.19,Pass
2732,,incomplete
2733,91.81,Pass
2734,81.21,Pass
2735,91.63,Pass
2736,48.58,Fail
2737,87.66,Pass
2738,,incomplete
2739,57.88,Fail
2740,58.56,Fail
2741,76.93,Pass
2742,77.81,Pass
2743,30.67,Fail
2744,71.37,Pass
2745,99.05,Pass
2746,56.45,Fail
2747,64.57,Fail
2748,93.42,Pass
2749,70.42,Pass
2750,61.63,Fail
2751,63.39,Fail
2752,78.55,Pass
2753,,incomplete
2754,52.84,Fail
2755,35.88,Fail
2756,51.91,Fail
2757,47.54,Fail
2758,73.8,Pass
2759,80.29,Pass
2760,6.48,Fail
2761,55.02,Fail
2762,64.84,Fail
2763,38.17,Fail
2764,74.7,Pass
2765,,incomplete
2766,68.41,Pass
2767,59.53,Fail
2768,97.56,Pass
2769,70.89,Pass
2770,29.89,Fail
2771,74.05,Pass
2772,91.17,Pass
2773,74.72,Pass
2774,50.49,Fail
2775,85.63,Pass
2776,89.79,Pass
2777,85.9,Pass
2778,58.66,Fail
2779,64.85,Fail
2780,,incomplete
2781,98.53,Pass
2782,65.76,Pass
2783,87.27,Pass
2784,92.19,Pass
2785,89.84,Pass
2786,80.82,Pass
2787,48.3,Fail
2788,57.11,Fail
2789,82.52,Pass
2790,72.59,Pass
2791,,incomplete
2792,84.98,Pass
2793,61.06,Fail
2794,87.58,Pass
2795,97.92,Pass
2796,32.9,Fail
2797,72.03,Pass
2798,58.7,Fail
2799,78.63,Pass
2800,67.97,Pass
2801,90.9,Pass
2802,82.37,Pass
2803,51.45,Fail
2804,98.81,Pass
2805,85.85,Pass
2806,42.17,Fail
2807,81.25,Pass
2808,46.75,Fail
2809,82.19,Pass
2810,90.67,Pass
2811,71.58,Pass
2812,68.02,Pass
2813,68.13,Pass
2814,70.1,Pass
2815,,incomplete
2816,79.87,Pass
2817,77.68,Pass
2818,95.32,Pass
2819,62.44,Fail
2820,89.77,Pass
2821,70.57,Pass
2822,67.66,Pass
2823,87.06,Pass
2824,46.13,Fail
2825,,incomplete
2826,87.32,Pass
2827,80.48,Pass
2828,92.51,Pass
2829,60.63,Fail
2830,49.67,Fail
2831,82.04,Pass
2832,31.86,Fail
2833,53.99,Fail
2834,65.42,Pass
2835,79.19,Pass
2836,72.52,Pass
2837,88.19,Pass
2838,41.06,Fail
2839,68.99,Pass
2840,,incomplete
2841,68.17,Pass
2842,,incomplete
2843,95.72,Pass
2844,40.64,Fail
2845,47.27,Fail
2846,73.58,Pass
2847,,incomplete
2848,86.94,Pass
2849,69.83,Pass
2850,71.89,Pass
2851,45.14,Fail
2852,92.02,Pass
2853,69.94,Pass
2854,21.54,Fail
2855,78.16,Pass
2856,89.9,Pass
2857,90.44,Pass
2858,38.2,Fail
2859,57.64,Fail
2860,91.13,Pass
2861,85.11,Pass
2862,74.73,Pass
2863,77.95,Pass
2864,,incomplete
2865,60.14,Fail
2866,,incomplete
2867,98.27,Pass
2868,69.86,Pass
2869,79.92,Pass
2870,60.52,Fail
2871,,incomplete
2872,73.34,Pass
2873,67.16,Pass
2874,48.63,Fail
2875,,incomplete
2876,96.09,Pass
2877,78.3,Pass
2878,88.08,Pass
2879,87.92,Pass
2880,60.96,Fail
2881,64.57,Fail
2882,52.49,Fail
2883,59.86,Fail
2884,56.25,Fail
2885,47.68,Fail
2886,80.44,Pass
2887,81.04,Pass
2888,77.8,Pass
2889,53.55,Fail
2890,96.29,Pass
2891,58.24,Fail
2892,56.41,Fail
2893,97.81,Pass
2894,88.97,Pass
2895,53.69,Fail
2896,82.26,Pass
2897,69.84,Pass
2898,81.59,Pass
2899,88.1,Pass
2900,56.01,Fail
2901,28.04,Fail
2902,48.04,Fail
2903,89.45,Pass
2904,84.34,Pass
2905,59.47,Fail
2906,40.5,Fail
2907,91.63,Pass
2908,92.05,Pass
2909,59.81,Fail
2910,,incomplete
2911,,incomplete
2912,61.47,Fail
2913,92.92,Pass
2914,76.55,Pass
2915,68.57,Pass
2916,72.87,Pass
2917,29.27,Fail
2918,45.72,Fail
2919,68.04,Pass
2920,28.62,Fail
2921,,incomplete
2922,60.63,Fail
2923,52.8,Fail
2924,46.46,Fail
2925,28.31,Fail
2926,97.74,Pass
2927,98.88,Pass
2928,90.43,Pass
2929,21.56,Fail
2930,71.38,Pass
2931,88.22,Pass
2932,60.22,Fail
2933,,incomplete
2934,48.54,Fail
2935,76.87,Pass
2936,,incomplete
2937,58.03,Fail
2938,,incomplete
2939,64.39,Fail
2940,54.25,Fail
2941,88.28,Pass
2942,75.05,Pass
2943,47.16,Fail
2944,66.57,Pass
2945,81.21,Pass
2946,76.42,Pass
2947,,incomplete
2948,58.98,Fail
2949,67.91,Pass
2950,,incomplete
2951,13.07,Fail
2952,,incomplete
2953,76.43,Pass
2954,99.34,Pass
2955,52.73,Fail
2956,57.88,Fail
2957,93.06,Pass
2958,81.33,Pass
2959,83.45,Pass
2960,75.33,Pass
2961,60.13,Fail
2962,49.98,Fail
2963,,incomplete
2964,,incomplete
2965,86.5,Pass
2966,84.05,Pass
2967,79.97,Pass
2968,79.21,Pass
2969,69.0,Pass
2970,41.13,Fail
2971,58.01,Fail
2972,79.55,Pass
2973,18.18,Fail
2974,,incomplete
2975,76.23,Pass
2976,80.03,Pass
2977,72.65,Pass
2978,66.12,Pass
2979,64.91,Fail
2980,42.88,Fail
2981,,incomplete
2982,92.04,Pass
2983,82.47,Pass
2984,53.69,Fail
2985,,incomplete
2986,55.54,Fail
2987,,incomplete
2988,39.51,Fail
2989,75.68,Pass
2990,62.39,Fail
2991,74.69,Pass
2992,67.72,Pass
2993,92.87,Pass
2994,79.87,Pass
2995,,incomplete
2996,31.76,Fail
2997,10.94,Fail
2998,58.31,Fail
2999,45.42,Fail
3000,93.28,Pass
3001,66.91,Pass
3002,73.71,Pass
3003,58.45,Fail
3004,45.9,Fail
3005,36.59,Fail
3006,96.61,Pass
3007,86.61,Pass
3008,71.76,Pass
3009,59.05,Fail
3010,54.44,Fail
3011,87.18,Pass
3012,79.54,Pass
3013,66.48,Pass
3014,94.07,Pass
3015,78.64,Pass
3016,71.01,Pass
3017,76.03,Pass
3018,,incomplete
3019,74.79,Pass
3020,74.11,Pass
3021,76.35,Pass
3022,52.73,Fail
3023,69.28,Pass
3024,,incomplete
3025,66.82,Pass
3026,94.97,Pass
3027,67.64,Pass
3028,89.17,Pass
3029,73.39,Pass
3030,75.13,Pass
3031,49.48,Fail
3032,68.8,Pass
3033,33.46,Fail
3034,68.8,Pass
3035,85.76,Pass
3036,47.86,Fail
3037,71.99,Pass
3038,48.08,Fail
3039,74.09,Pass
3040,64.97,Fail
3041,62.47,Fail
3042,54.47,Fail
3043,,incomplete
3044,48.37,Fail
3045,82.24,Pass
3046,86.56,Pass
3047,86.79,Pass
3048,65.85,Pass
3049,88.12,Pass
3050,66.95,Pass
3051,72.86,Pass
3052,93.84,Pass
3053,60.62,Fail
3054,66.96,Pass
3055,88.08,Pass
3056,80.65,Pass
3057,64.95,Fail
3058,71.16,Pass
3059,48.78,Fail
3060,,incomplete
3061,50.85,Fail
3062,86.29,Pass
3063,84.19,Pass
3064,93.49,Pass
3065,,incomplete
3066,,incomplete
3067,63.24,Fail
3068,42.81,Fail
3069,56.17,Fail
3070,,incomplete
3071,82.82,Pass
3072,94.68,Pass
3073,74.93,Pass
3074,53.64,Fail
3075,68.57,Pass
3076,64.93,Fail
3077,49.16,Fail
3078,86.96,Pass
3079,25.06,Fail
3080,69.08,Pass
3081,97.23,Pass
3082,46.77,Fail
3083,76.9,Pass
3084,64.88,Fail
3085,90.85,Pass
3086,62.57,Fail
3087,86.42,Pass
3088,92.53,Pass
3089,93.18,Pass
3090,89.46,Pass
3091,80.64,Pass
3092,87.98,Pass
3093,54.24,Fail
3094,65.65,Pass
3095,98.16,Pass
3096,50.23,Fail
3097,95.0,Pass
3098,,incomplete
3099,65.01,Pass
3100,40.76,Fail
3101,20.11,Fail
3102,78.23,Pass
3103,66.75,Pass
3104,74.12,Pass
3105,50.36,Fail
3106,,incomplete
3107,73.77,Pass
3108,84.86,Pass
3109,57.53,Fail
3110,68.87,Pass
3111,64.76,Fail
3112,,incomplete
3113,43.17,Fail
3114,12.43,Fail
3115,74.35,Pass
3116,85.62,Pass
3117,59.96,Fail
3118,99.71,Pass
3119,76.26,Pass
3120,50.29,Fail
3121,94.7,Pass
3122,65.5,Pass
3123,,incomplete
3124,82.72,Pass
3125,38.92,Fail
3126,64.91,Fail
3127,,incomplete
3128,76.68,Pass
3129,30.66,Fail
3130,,incomplete
3131,83.59,Pass
3132,71.83,Pass
3133,89.47,Pass
3134,57.64,Fail
3135,98.39,Pass
3136,12.43,Fail
3137,34.65,Fail
3138,52.56,Fail
3139,85.46,Pass
3140,48.25,Fail
3141,81.32,Pass
3142,66.22,Pass
3143,99.42,Pass
3144,81.02,Pass
3145,72.86,Pass
3146,41.91,Fail
3147,33.17,Fail
3148,79.52,Pass
3149,67.56,Pass
3150,,incomplete
3151,,incomplete
3152,52.0,Fail
3153,43.23,Fail
3154,,incomplete
3155,48.59,Fail
3156,10.78,Fail
3157,50.31,Fail
3158,75.6,Pass
3159,36.15,Fail
3160,76.87,Pass
3161,98.35,Pass
3162,48.51,Fail
3163,84.47,Pass
3164,76.92,Pass
3165,64.13,Fail
3166,,incomplete
3167,65.32,Pass
3168,28.12,Fail
3169,,incomplete
3170,51.37,Fail
3171,84.78,Pass
3172,60.36,Fail
3173,,incomplete
3174,83.19,Pass
3175,68.4,Pass
3176,56.67,Fail
3177,45.2,Fail
3178,98.41,Pass
3179,,incomplete
3180,81.59,Pass
3181,65.07,Pass
3182,45.08,Fail
3183,50.49,Fail
3184,68.74,Pass
3185,54.4,Fail
3186,90.81,Pass
3187,59.9,Fail
3188,68.63,Pass
3189,73.3,Pass
3190,95.4,Pass
3191,97.35,Pass
3192,96.62,Pass
3193,95.66,Pass
3194,49.99,Fail
3195,,incomplete
3196,84.02,Pass
3197,62.43,Fail
3198,68.62,Pass
3199,,incomplete
3200,79.43,Pass
3201,28.78,Fail
3202,75.58,Pass
3203,90.16,Pass
3204,28.13,Fail
3205,88.7,Pass
3206,73.19,Pass
3207,52.55,Fail
3208,92.29,Pass
3209,70.42,Pass
3210,88.89,Pass
3211,58.48,Fail
3212,82.19,Pass
3213,78.78,Pass
3214,68.59,Pass
3215,54.7,Fail
3216,71.18,Pass
3217,75.66,Pass
3218,85.52,Pass
3219,69.81,Pass
3220,49.49,Fail
3221,56.43,Fail
3222,74.04,Pass
3223,83.51,Pass
3224,81.86,Pass
3225,58.22,Fail
3226,40.07,Fail
3227,52.83,Fail
3228,34.68,Fail
3229,,incomplete
3230,19.98,Fail
3231,94.97,Pass
3232,66.2,Pass
3233,80.61,Pass
3234,63.17,Fail
3235,57.26,Fail
3236,37.67,Fail
3237,58.07,Fail
3238,60.17,Fail
3239,62.29,Fail
3240,77.91,Pass
3241,71.62,Pass
3242,56.17,Fail
3243,32.64,Fail
3244,73.21,Pass
3245,87.56,Pass
3246,54.35,Fail
3247,71.48,Pass
3248,69.08,Pass
3249,52.72,Fail
3250,65.47,Pass
3251,68.37,Pass
3252,60.75,Fail
3253,59.48,Fail
3254,85.8,Pass
3255,61.26,Fail
3256,23.71,Fail
3257,79.55,Pass
3258,82.98,Pass
3259,78.28,Pass
3260,42.88,Fail
3261,75.74,Pass
3262,86.39,Pass
3263,80.17,Pass
3264,89.42,Pass
3265,71.67,Pass
3266,44.49,Fail
3267,63.53,Fail
3268,,incomplete
3269,81.88,Pass
3270,68.09,Pass
3271,76.08,Pass
3272,43.7,Fail
3273,61.88,Fail
3274,78.3,Pass
3275,65.13,Pass
3276,27.11,Fail
3277,75.27,Pass
3278,72.49,Pass
3279,37.2,Fail
3280,49.21,Fail
3281,21.68,Fail
3282,64.67,Fail
3283,81.23,Pass
3284,87.78,Pass
3285,69.45,Pass
3286,61.54,Fail
3287,44.02,Fail
3288,49.31,Fail
3289,27.43,Fail
3290,96.83,Pass
3291,,incomplete
3292,31.25,Fail
3293,79.3,Pass
3294,48.2,Fail
3295,47.09,Fail
3296,42.84,Fail
3297,85.0,Pass
3298,69.35,Pass
3299,85.84,Pass
3300,,incomplete
3301,94.81,Pass
3302,36.01,Fail
3303,87.31,Pass
3304,90.58,Pass
3305,83.8,Pass
3306,49.43,Fail
3307,59.84,Fail
3308,90.62,Pass
3309,77.04,Pass
3310,93.45,Pass
3311,61.95,Fail
3312,45.88,Fail
3313,93.14,Pass
3314,51.25,Fail
3315,59.93,Fail
3316,55.69,Fail
3317,95.49,Pass
3318,95.53,Pass
3319,90.02,Pass
3320,52.59,Fail
3321,45.36,Fail
3322,80.86,Pass
3323,87.57,Pass
3324,69.54,Pass
3325,64.0,Fail
3326,53.55,Fail
3327,70.79,Pass
3328,57.85,Fail
3329,90.55,Pass
3330,59.75,Fail
3331,49.87,Fail
3332,85.1,Pass
3333,63.23,Fail
3334,73.26,Pass
3335,50.73,Fail
3336,78.93,Pass
3337,63.2,Fail
3338,42.42,Fail
3339,71.64,Pass
3340,64.51,Fail
3341,77.81,Pass
3342,81.13,Pass
3343,49.72,Fail
3344,74.96,Pass
3345,53.28,Fail
3346,29.9,Fail
3347,79.56,Pass
3348,91.42,Pass
3349,79.62,Pass
3350,65.84,Pass
3351,56.6,Fail
3352,55.64,Fail
3353,38.24,Fail
3354,63.54,Fail
3355,92.13,Pass
3356,67.12,Pass
3357,89.73,Pass
3358,90.61,Pass
3359,89.99,Pass
3360,58.05,Fail
3361,40.26,Fail
3362,,incomplete
3363,74.68,Pass
3364,64.75,Fail
3365,77.52,Pass
3366,53.64,Fail
3367,77.25,Pass
3368,28.56,Fail
3369,64.22,Fail
3370,31.48,Fail
3371,75.0,Pass
